gene,method,wv,rmse
phoa,mi,1525,-1.0397900643859024
phoa,mi,1486,-1.0397900643859024
phoa,mi,1449,-1.0397900643859024
phoa,mi,1520,-1.0397900643859024
phoa,mi,1469,-1.0397900643859024
phoa,mi,1444,-1.0397900643859024
phoa,mi,1447,-1.0397900643859024
phoa,mi,1453,-1.0397900643859024
phoa,mi,1521,-1.0397900643859024
phoa,mi,1454,-1.0397900643859024
phoa,mi,1452,-1.0397900643859024
phoa,mi,1524,-1.0397900643859024
phoa,mi,1493,-1.0397900643859024
phoa,mi,1450,-1.0397900643859024
phoa,mi,1448,-1.0397900643859024
phoa,mi,1523,-1.0397900643859024
phoa,mi,1446,-1.0397900643859024
phoa,mi,1439,-1.0397900643859024
phoa,mi,1441,-1.0397900643859024
phoa,mi,1506,-1.0397900643859024
phoa,mi,1492,-1.0397900643859024
phoa,mi,1455,-1.0397900643859024
phoa,mi,1487,-1.0397900643859024
phoa,mi,1440,-1.0397900643859024
phoa,mi,1437,-1.0397900643859024
phoa,mi,1491,-1.0397900643859024
phoa,mi,1451,-1.0397900643859024
phoa,mi,1490,-1.0397900643859024
phoa,mi,1456,-1.0397900643859024
phoa,mi,1443,-1.0397900643859024
phoa,mi,1507,-1.0397900643859024
phoa,mi,1438,-1.0397900643859024
phoa,mi,1442,-1.0397900643859024
phoa,mi,1498,-1.0397900643859024
phoa,mi,1457,-1.0397900643859024
phoa,mi,1488,-1.0397900643859024
phoa,mi,1494,-1.0397900643859024
phoa,mi,1459,-1.0397900643859024
phoa,mi,1519,-1.0397900643859024
phoa,mi,1497,-1.0397900643859024
phoa,mi,1458,-1.0397900643859024
phoa,mi,1518,-1.0397900643859024
phoa,mi,1460,-1.0397900643859024
phoa,mi,1489,-1.0397900643859024
phoa,mi,1468,-1.0397900643859024
phoa,mi,1496,-1.0397900643859024
phoa,mi,1495,-1.0397900643859024
phoa,mi,1461,-1.0397900643859024
phoa,mi,1516,-1.0397900643859024
phoa,mi,1464,-1.0397900643859024
phoa,mi,1467,-1.0397900643859024
phoa,mi,1466,-1.0397900643859024
phoa,mi,1517,-1.0397900643859024
phoa,mi,1508,-1.0397900643859024
phoa,mi,1462,-1.0397900643859024
phoa,mi,1465,-1.0397900643859024
phoa,mi,1463,-1.0397900643859024
phoa,mi,1509,-1.0397900643859024
phoa,mi,1512,-1.0397900643859024
phoa,mi,1515,-1.0397900643859024
phoa,mi,1511,-1.0397900643859024
phoa,mi,1514,-1.0397900643859024
phoa,mi,1510,-1.0397900643859024
phoa,mi,1513,-1.0397900643859024
phoa,coeffs,387,-1.0336336970246918
phoa,coeffs,360,-1.0336336970246918
phoa,coeffs,1940,-1.0336336970246918
phoa,coeffs,977,-1.0336336970246918
phoa,coeffs,355,-1.0336336970246918
phoa,coeffs,2454,-1.0336336970246918
phoa,coeffs,1916,-1.0336336970246918
phoa,coeffs,397,-1.0336336970246918
phoa,coeffs,381,-1.0336336970246918
phoa,coeffs,2483,-1.0336336970246918
phoa,coeffs,400,-1.0336336970246918
phoa,coeffs,1942,-1.0336336970246918
phoa,coeffs,976,-1.0336336970246918
phoa,coeffs,1918,-1.0336336970246918
phoa,coeffs,543,-1.0336336970246918
phoa,coeffs,1864,-1.0336336970246918
phoa,coeffs,2455,-1.0336336970246918
phoa,coeffs,1896,-1.0336336970246918
phoa,coeffs,541,-1.0336336970246918
phoa,coeffs,1941,-1.0336336970246918
phoa,coeffs,2458,-1.0336336970246918
phoa,coeffs,542,-1.0336336970246918
phoa,coeffs,2456,-1.0336336970246918
phoa,coeffs,1895,-1.0336336970246918
phoa,coeffs,2495,-1.0336336970246918
phoa,coeffs,2496,-1.0336336970246918
phoa,coeffs,399,-1.0336336970246918
phoa,coeffs,350,-1.0336336970246918
phoa,coeffs,2457,-1.0336336970246918
phoa,coeffs,1886,-1.0336336970246918
phoa,coeffs,386,-1.0336336970246918
phoa,coeffs,388,-1.0336336970246918
phoa,coeffs,2482,-1.0336336970246918
phoa,coeffs,1865,-1.0336336970246918
phoa,coeffs,373,-1.0336336970246918
phoa,coeffs,398,-1.0336336970246918
phoa,coeffs,390,-1.0336336970246918
phoa,coeffs,1917,-1.0336336970246918
phoa,coeffs,372,-1.0336336970246918
phoa,coeffs,1866,-1.0336336970246918
phoa,coeffs,389,-1.0336336970246918
phoa,coeffs,974,-1.0336336970246918
phoa,coeffs,352,-1.0336336970246918
phoa,coeffs,354,-1.0336336970246918
phoa,coeffs,1867,-1.0336336970246918
phoa,coeffs,353,-1.0336336970246918
phoa,coeffs,1876,-1.0336336970246918
phoa,coeffs,1877,-1.0336336970246918
phoa,coeffs,1875,-1.0336336970246918
phoa,coeffs,1878,-1.0336336970246918
phoa,coeffs,1874,-1.0336336970246918
phoa,coeffs,1879,-1.0336336970246918
phoa,coeffs,1873,-1.0336336970246918
phoa,coeffs,1868,-1.0336336970246918
phoa,coeffs,1872,-1.0336336970246918
phoa,coeffs,1880,-1.0336336970246918
phoa,coeffs,1885,-1.0336336970246918
phoa,coeffs,1871,-1.0336336970246918
phoa,coeffs,1869,-1.0336336970246918
phoa,coeffs,1870,-1.0336336970246918
phoa,coeffs,1881,-1.0336336970246918
phoa,coeffs,1882,-1.0336336970246918
phoa,coeffs,1884,-1.0336336970246918
phoa,coeffs,1883,-1.0336336970246918
phoa,ga,397,-0.8672651456689897
phoa,ga,504,-0.8672651456689897
phoa,ga,512,-0.8672651456689897
phoa,ga,515,-0.8672651456689897
phoa,ga,521,-0.8672651456689897
phoa,ga,545,-0.8672651456689897
phoa,ga,549,-0.8672651456689897
phoa,ga,550,-0.8672651456689897
phoa,ga,556,-0.8672651456689897
phoa,ga,575,-0.8672651456689897
phoa,ga,616,-0.8672651456689897
phoa,ga,665,-0.8672651456689897
phoa,ga,683,-0.8672651456689897
phoa,ga,688,-0.8672651456689897
phoa,ga,696,-0.8672651456689897
phoa,ga,710,-0.8672651456689897
phoa,ga,713,-0.8672651456689897
phoa,ga,742,-0.8672651456689897
phoa,ga,895,-0.8672651456689897
phoa,ga,949,-0.8672651456689897
phoa,ga,976,-0.8672651456689897
phoa,ga,1237,-0.8672651456689897
phoa,ga,1254,-0.8672651456689897
phoa,ga,1319,-0.8672651456689897
phoa,ga,1378,-0.8672651456689897
phoa,ga,1412,-0.8672651456689897
phoa,ga,1415,-0.8672651456689897
phoa,ga,1417,-0.8672651456689897
phoa,ga,1423,-0.8672651456689897
phoa,ga,1426,-0.8672651456689897
phoa,ga,1468,-0.8672651456689897
phoa,ga,1576,-0.8672651456689897
phoa,ga,1600,-0.8672651456689897
phoa,ga,1787,-0.8672651456689897
phoa,ga,1791,-0.8672651456689897
phoa,ga,1797,-0.8672651456689897
phoa,ga,1840,-0.8672651456689897
phoa,ga,1866,-0.8672651456689897
phoa,ga,1871,-0.8672651456689897
phoa,ga,1884,-0.8672651456689897
phoa,ga,1917,-0.8672651456689897
phoa,ga,1928,-0.8672651456689897
phoa,ga,1941,-0.8672651456689897
phoa,ga,1950,-0.8672651456689897
phoa,ga,2008,-0.8672651456689897
phoa,ga,2012,-0.8672651456689897
phoa,ga,2016,-0.8672651456689897
phoa,ga,2037,-0.8672651456689897
phoa,ga,2039,-0.8672651456689897
phoa,ga,2055,-0.8672651456689897
phoa,ga,2082,-0.8672651456689897
phoa,ga,2103,-0.8672651456689897
phoa,ga,2174,-0.8672651456689897
phoa,ga,2240,-0.8672651456689897
phoa,ga,2287,-0.8672651456689897
phoa,ga,2474,-0.8672651456689897
phoa,cluster,350,-0.9433271397695969
phoa,cluster,351,-0.9433271397695969
phoa,cluster,352,-0.9433271397695969
phoa,cluster,353,-0.9433271397695969
phoa,cluster,354,-0.9433271397695969
phoa,cluster,355,-0.9433271397695969
phoa,cluster,356,-0.9433271397695969
phoa,cluster,357,-0.9433271397695969
phoa,cluster,358,-0.9433271397695969
phoa,cluster,359,-0.9433271397695969
phoa,cluster,360,-0.9433271397695969
phoa,cluster,362,-0.9433271397695969
phoa,cluster,363,-0.9433271397695969
phoa,cluster,367,-0.9433271397695969
phoa,cluster,370,-0.9433271397695969
phoa,cluster,373,-0.9433271397695969
phoa,cluster,383,-0.9433271397695969
phoa,cluster,385,-0.9433271397695969
phoa,cluster,391,-0.9433271397695969
phoa,cluster,397,-0.9433271397695969
phoa,cluster,401,-0.9433271397695969
phoa,cluster,406,-0.9433271397695969
phoa,cluster,409,-0.9433271397695969
phoa,cluster,421,-0.9433271397695969
phoa,cluster,430,-0.9433271397695969
phoa,cluster,450,-0.9433271397695969
phoa,cluster,457,-0.9433271397695969
phoa,cluster,474,-0.9433271397695969
phoa,cluster,489,-0.9433271397695969
phoa,cluster,496,-0.9433271397695969
phoa,cluster,498,-0.9433271397695969
phoa,cluster,511,-0.9433271397695969
phoa,cluster,512,-0.9433271397695969
phoa,cluster,519,-0.9433271397695969
phoa,cluster,525,-0.9433271397695969
phoa,cluster,531,-0.9433271397695969
phoa,cluster,540,-0.9433271397695969
phoa,cluster,549,-0.9433271397695969
phoa,cluster,562,-0.9433271397695969
phoa,cluster,566,-0.9433271397695969
phoa,cluster,581,-0.9433271397695969
phoa,cluster,603,-0.9433271397695969
phoa,cluster,615,-0.9433271397695969
phoa,cluster,632,-0.9433271397695969
phoa,cluster,642,-0.9433271397695969
phoa,cluster,647,-0.9433271397695969
phoa,cluster,653,-0.9433271397695969
phoa,cluster,659,-0.9433271397695969
phoa,cluster,660,-0.9433271397695969
phoa,cluster,663,-0.9433271397695969
phoa,cluster,666,-0.9433271397695969
phoa,cluster,667,-0.9433271397695969
phoa,cluster,678,-0.9433271397695969
phoa,cluster,690,-0.9433271397695969
phoa,cluster,691,-0.9433271397695969
phoa,cluster,693,-0.9433271397695969
phoa,cluster,694,-0.9433271397695969
phoa,cluster,697,-0.9433271397695969
phoa,cluster,700,-0.9433271397695969
phoa,cluster,707,-0.9433271397695969
phoa,cluster,708,-0.9433271397695969
phoa,cluster,710,-0.9433271397695969
phoa,cluster,712,-0.9433271397695969
phoa,cluster,715,-0.9433271397695969
phoa,cluster,717,-0.9433271397695969
phoa,cluster,720,-0.9433271397695969
phoa,cluster,721,-0.9433271397695969
phoa,cluster,724,-0.9433271397695969
phoa,cluster,726,-0.9433271397695969
phoa,cluster,730,-0.9433271397695969
phoa,cluster,736,-0.9433271397695969
phoa,cluster,742,-0.9433271397695969
phoa,cluster,747,-0.9433271397695969
phoa,cluster,780,-0.9433271397695969
phoa,cluster,800,-0.9433271397695969
phoa,cluster,925,-0.9433271397695969
phoa,cluster,959,-0.9433271397695969
phoa,cluster,962,-0.9433271397695969
phoa,cluster,984,-0.9433271397695969
phoa,cluster,985,-0.9433271397695969
phoa,cluster,1093,-0.9433271397695969
phoa,cluster,1150,-0.9433271397695969
phoa,cluster,1218,-0.9433271397695969
phoa,cluster,1282,-0.9433271397695969
phoa,cluster,1321,-0.9433271397695969
phoa,cluster,1333,-0.9433271397695969
phoa,cluster,1344,-0.9433271397695969
phoa,cluster,1361,-0.9433271397695969
phoa,cluster,1365,-0.9433271397695969
phoa,cluster,1380,-0.9433271397695969
phoa,cluster,1382,-0.9433271397695969
phoa,cluster,1386,-0.9433271397695969
phoa,cluster,1391,-0.9433271397695969
phoa,cluster,1395,-0.9433271397695969
phoa,cluster,1398,-0.9433271397695969
phoa,cluster,1405,-0.9433271397695969
phoa,cluster,1410,-0.9433271397695969
phoa,cluster,1430,-0.9433271397695969
phoa,cluster,1450,-0.9433271397695969
phoa,cluster,1486,-0.9433271397695969
phoa,cluster,1499,-0.9433271397695969
phoa,cluster,1507,-0.9433271397695969
phoa,cluster,1514,-0.9433271397695969
phoa,cluster,1523,-0.9433271397695969
phoa,cluster,1531,-0.9433271397695969
phoa,cluster,1539,-0.9433271397695969
phoa,cluster,1553,-0.9433271397695969
phoa,cluster,1567,-0.9433271397695969
phoa,cluster,1577,-0.9433271397695969
phoa,cluster,1600,-0.9433271397695969
phoa,cluster,1665,-0.9433271397695969
phoa,cluster,1696,-0.9433271397695969
phoa,cluster,1705,-0.9433271397695969
phoa,cluster,1715,-0.9433271397695969
phoa,cluster,1746,-0.9433271397695969
phoa,cluster,1750,-0.9433271397695969
phoa,cluster,1769,-0.9433271397695969
phoa,cluster,1786,-0.9433271397695969
phoa,cluster,1827,-0.9433271397695969
phoa,cluster,1845,-0.9433271397695969
phoa,cluster,1849,-0.9433271397695969
phoa,cluster,1857,-0.9433271397695969
phoa,cluster,1862,-0.9433271397695969
phoa,cluster,1868,-0.9433271397695969
phoa,cluster,1873,-0.9433271397695969
phoa,cluster,1880,-0.9433271397695969
phoa,cluster,1883,-0.9433271397695969
phoa,cluster,1886,-0.9433271397695969
phoa,cluster,1887,-0.9433271397695969
phoa,cluster,1888,-0.9433271397695969
phoa,cluster,1890,-0.9433271397695969
phoa,cluster,1892,-0.9433271397695969
phoa,cluster,1895,-0.9433271397695969
phoa,cluster,1896,-0.9433271397695969
phoa,cluster,1898,-0.9433271397695969
phoa,cluster,1903,-0.9433271397695969
phoa,cluster,1904,-0.9433271397695969
phoa,cluster,1911,-0.9433271397695969
phoa,cluster,1913,-0.9433271397695969
phoa,cluster,1920,-0.9433271397695969
phoa,cluster,1930,-0.9433271397695969
phoa,cluster,1946,-0.9433271397695969
phoa,cluster,1954,-0.9433271397695969
phoa,cluster,1957,-0.9433271397695969
phoa,cluster,1969,-0.9433271397695969
phoa,cluster,1975,-0.9433271397695969
phoa,cluster,1983,-0.9433271397695969
phoa,cluster,1987,-0.9433271397695969
phoa,cluster,2004,-0.9433271397695969
phoa,cluster,2018,-0.9433271397695969
phoa,cluster,2025,-0.9433271397695969
phoa,cluster,2044,-0.9433271397695969
phoa,cluster,2051,-0.9433271397695969
phoa,cluster,2082,-0.9433271397695969
phoa,cluster,2091,-0.9433271397695969
phoa,cluster,2109,-0.9433271397695969
phoa,cluster,2117,-0.9433271397695969
phoa,cluster,2120,-0.9433271397695969
phoa,cluster,2133,-0.9433271397695969
phoa,cluster,2139,-0.9433271397695969
phoa,cluster,2150,-0.9433271397695969
phoa,cluster,2155,-0.9433271397695969
phoa,cluster,2171,-0.9433271397695969
phoa,cluster,2196,-0.9433271397695969
phoa,cluster,2240,-0.9433271397695969
phoa,cluster,2247,-0.9433271397695969
phoa,cluster,2253,-0.9433271397695969
phoa,cluster,2270,-0.9433271397695969
phoa,cluster,2280,-0.9433271397695969
phoa,cluster,2294,-0.9433271397695969
phoa,cluster,2308,-0.9433271397695969
phoa,cluster,2333,-0.9433271397695969
phoa,cluster,2334,-0.9433271397695969
phoa,cluster,2361,-0.9433271397695969
phoa,cluster,2379,-0.9433271397695969
phoa,cluster,2384,-0.9433271397695969
phoa,cluster,2409,-0.9433271397695969
phoa,cluster,2429,-0.9433271397695969
phoa,cluster,2432,-0.9433271397695969
phoa,cluster,2456,-0.9433271397695969
phoa,cluster,2465,-0.9433271397695969
phoa,cluster,2471,-0.9433271397695969
phoa,cluster,2482,-0.9433271397695969
phoa,cluster,2491,-0.9433271397695969
phoa,perm_imp,667,-0.9173128436771608
phoa,perm_imp,1887,-0.9173128436771608
phoa,perm_imp,1975,-0.9173128436771608
phoa,perm_imp,1450,-0.9173128436771608
phoa,perm_imp,1696,-0.9173128436771608
phoa,perm_imp,531,-0.9173128436771608
phoa,perm_imp,712,-0.9173128436771608
phoa,perm_imp,409,-0.9173128436771608
phoa,perm_imp,360,-0.9173128436771608
phoa,perm_imp,747,-0.9173128436771608
phoa,perm_imp,717,-0.9173128436771608
phoa,perm_imp,715,-0.9173128436771608
phoa,perm_imp,632,-0.9173128436771608
phoa,perm_imp,2044,-0.9173128436771608
phoa,perm_imp,742,-0.9173128436771608
phoa,perm_imp,1093,-0.9173128436771608
phoa,perm_imp,2025,-0.9173128436771608
phoa,perm_imp,2117,-0.9173128436771608
phoa,perm_imp,367,-0.9173128436771608
phoa,perm_imp,357,-0.9173128436771608
phoa,perm_imp,406,-0.9173128436771608
phoa,perm_imp,474,-0.9173128436771608
phoa,perm_imp,2109,-0.9173128436771608
phoa,perm_imp,350,-0.9173128436771608
phoa,perm_imp,1896,-0.9173128436771608
phoa,perm_imp,2120,-0.9173128436771608
phoa,perm_imp,1895,-0.9173128436771608
phoa,perm_imp,566,-0.9173128436771608
phoa,perm_imp,512,-0.9173128436771608
phoa,perm_imp,2091,-0.9173128436771608
phoa,perm_imp,401,-0.9173128436771608
phoa,perm_imp,2253,-0.9173128436771608
phoa,perm_imp,511,-0.9173128436771608
phoa,perm_imp,1898,-0.9173128436771608
phoa,perm_imp,356,-0.9173128436771608
phoa,perm_imp,2082,-0.9173128436771608
phoa,perm_imp,391,-0.9173128436771608
phoa,perm_imp,1946,-0.9173128436771608
phoa,perm_imp,562,-0.9173128436771608
phoa,perm_imp,373,-0.9173128436771608
phoa,perm_imp,1405,-0.9173128436771608
phoa,perm_imp,2196,-0.9173128436771608
phoa,perm_imp,385,-0.9173128436771608
phoa,perm_imp,355,-0.9173128436771608
phoa,perm_imp,1430,-0.9173128436771608
phoa,perm_imp,1886,-0.9173128436771608
phoa,perm_imp,430,-0.9173128436771608
phoa,perm_imp,2491,-0.9173128436771608
phoa,perm_imp,2482,-0.9173128436771608
phoa,perm_imp,678,-0.9173128436771608
phoa,perm_imp,352,-0.9173128436771608
phoa,perm_imp,2247,-0.9173128436771608
phoa,perm_imp,1410,-0.9173128436771608
phoa,perm_imp,549,-0.9173128436771608
phoa,perm_imp,353,-0.9173128436771608
phoa,perm_imp,397,-0.9173128436771608
phoa,perm_imp,2240,-0.9173128436771608
phoa,perm_imp,2456,-0.9173128436771608
phoa,perm_imp,1880,-0.9173128436771608
phoa,perm_imp,540,-0.9173128436771608
phoa,perm_imp,354,-0.9173128436771608
phoa,perm_imp,1873,-0.9173128436771608
phoa,perm_imp,1868,-0.9173128436771608
phoa,perm_imp,1883,-0.9173128436771608
cbblr,mi,1887,-0.8917028448183173
cbblr,mi,2001,-0.8917028448183173
cbblr,mi,731,-0.8917028448183173
cbblr,mi,1997,-0.8917028448183173
cbblr,mi,1938,-0.8917028448183173
cbblr,mi,2006,-0.8917028448183173
cbblr,mi,2272,-0.8917028448183173
cbblr,mi,1939,-0.8917028448183173
cbblr,mi,2000,-0.8917028448183173
cbblr,mi,1890,-0.8917028448183173
cbblr,mi,2051,-0.8917028448183173
cbblr,mi,2007,-0.8917028448183173
cbblr,mi,2046,-0.8917028448183173
cbblr,mi,2047,-0.8917028448183173
cbblr,mi,2005,-0.8917028448183173
cbblr,mi,1892,-0.8917028448183173
cbblr,mi,2048,-0.8917028448183173
cbblr,mi,2049,-0.8917028448183173
cbblr,mi,2002,-0.8917028448183173
cbblr,mi,2044,-0.8917028448183173
cbblr,mi,2270,-0.8917028448183173
cbblr,mi,2045,-0.8917028448183173
cbblr,mi,698,-0.8917028448183173
cbblr,mi,2004,-0.8917028448183173
cbblr,mi,2050,-0.8917028448183173
cbblr,mi,2003,-0.8917028448183173
cbblr,mi,2271,-0.8917028448183173
cbblr,mi,2043,-0.8917028448183173
cbblr,mi,2008,-0.8917028448183173
cbblr,mi,2034,-0.8917028448183173
cbblr,mi,2025,-0.8917028448183173
cbblr,mi,2035,-0.8917028448183173
cbblr,mi,2026,-0.8917028448183173
cbblr,mi,697,-0.8917028448183173
cbblr,mi,2009,-0.8917028448183173
cbblr,mi,2027,-0.8917028448183173
cbblr,mi,2014,-0.8917028448183173
cbblr,mi,2011,-0.8917028448183173
cbblr,mi,2033,-0.8917028448183173
cbblr,mi,2015,-0.8917028448183173
cbblr,mi,2024,-0.8917028448183173
cbblr,mi,2013,-0.8917028448183173
cbblr,mi,2010,-0.8917028448183173
cbblr,mi,2012,-0.8917028448183173
cbblr,mi,2042,-0.8917028448183173
cbblr,mi,2040,-0.8917028448183173
cbblr,mi,2041,-0.8917028448183173
cbblr,mi,2028,-0.8917028448183173
cbblr,mi,2039,-0.8917028448183173
cbblr,mi,2036,-0.8917028448183173
cbblr,mi,2031,-0.8917028448183173
cbblr,mi,2038,-0.8917028448183173
cbblr,mi,2029,-0.8917028448183173
cbblr,mi,2016,-0.8917028448183173
cbblr,mi,2023,-0.8917028448183173
cbblr,mi,2032,-0.8917028448183173
cbblr,mi,2022,-0.8917028448183173
cbblr,mi,2037,-0.8917028448183173
cbblr,mi,2030,-0.8917028448183173
cbblr,mi,2017,-0.8917028448183173
cbblr,mi,2018,-0.8917028448183173
cbblr,mi,2021,-0.8917028448183173
cbblr,mi,2019,-0.8917028448183173
cbblr,mi,2020,-0.8917028448183173
cbblr,coeffs,2469,-0.9241159854276815
cbblr,coeffs,363,-0.9241159854276815
cbblr,coeffs,2473,-0.9241159854276815
cbblr,coeffs,2467,-0.9241159854276815
cbblr,coeffs,2468,-0.9241159854276815
cbblr,coeffs,2348,-0.9241159854276815
cbblr,coeffs,2331,-0.9241159854276815
cbblr,coeffs,1886,-0.9241159854276815
cbblr,coeffs,356,-0.9241159854276815
cbblr,coeffs,522,-0.9241159854276815
cbblr,coeffs,355,-0.9241159854276815
cbblr,coeffs,1908,-0.9241159854276815
cbblr,coeffs,502,-0.9241159854276815
cbblr,coeffs,2332,-0.9241159854276815
cbblr,coeffs,1919,-0.9241159854276815
cbblr,coeffs,1906,-0.9241159854276815
cbblr,coeffs,1907,-0.9241159854276815
cbblr,coeffs,2334,-0.9241159854276815
cbblr,coeffs,1904,-0.9241159854276815
cbblr,coeffs,1905,-0.9241159854276815
cbblr,coeffs,501,-0.9241159854276815
cbblr,coeffs,503,-0.9241159854276815
cbblr,coeffs,361,-0.9241159854276815
cbblr,coeffs,2333,-0.9241159854276815
cbblr,coeffs,521,-0.9241159854276815
cbblr,coeffs,2480,-0.9241159854276815
cbblr,coeffs,366,-0.9241159854276815
cbblr,coeffs,2474,-0.9241159854276815
cbblr,coeffs,1920,-0.9241159854276815
cbblr,coeffs,520,-0.9241159854276815
cbblr,coeffs,358,-0.9241159854276815
cbblr,coeffs,505,-0.9241159854276815
cbblr,coeffs,504,-0.9241159854276815
cbblr,coeffs,506,-0.9241159854276815
cbblr,coeffs,519,-0.9241159854276815
cbblr,coeffs,1887,-0.9241159854276815
cbblr,coeffs,518,-0.9241159854276815
cbblr,coeffs,507,-0.9241159854276815
cbblr,coeffs,1890,-0.9241159854276815
cbblr,coeffs,353,-0.9241159854276815
cbblr,coeffs,517,-0.9241159854276815
cbblr,coeffs,2479,-0.9241159854276815
cbblr,coeffs,508,-0.9241159854276815
cbblr,coeffs,364,-0.9241159854276815
cbblr,coeffs,509,-0.9241159854276815
cbblr,coeffs,516,-0.9241159854276815
cbblr,coeffs,510,-0.9241159854276815
cbblr,coeffs,513,-0.9241159854276815
cbblr,coeffs,365,-0.9241159854276815
cbblr,coeffs,512,-0.9241159854276815
cbblr,coeffs,511,-0.9241159854276815
cbblr,coeffs,515,-0.9241159854276815
cbblr,coeffs,1888,-0.9241159854276815
cbblr,coeffs,2475,-0.9241159854276815
cbblr,coeffs,514,-0.9241159854276815
cbblr,coeffs,360,-0.9241159854276815
cbblr,coeffs,1889,-0.9241159854276815
cbblr,coeffs,359,-0.9241159854276815
cbblr,coeffs,2478,-0.9241159854276815
cbblr,coeffs,2476,-0.9241159854276815
cbblr,coeffs,2477,-0.9241159854276815
cbblr,coeffs,351,-0.9241159854276815
cbblr,coeffs,352,-0.9241159854276815
cbblr,coeffs,350,-0.9241159854276815
cbblr,ga,350,-0.8906292853273862
cbblr,ga,365,-0.8906292853273862
cbblr,ga,433,-0.8906292853273862
cbblr,ga,434,-0.8906292853273862
cbblr,ga,448,-0.8906292853273862
cbblr,ga,466,-0.8906292853273862
cbblr,ga,507,-0.8906292853273862
cbblr,ga,508,-0.8906292853273862
cbblr,ga,509,-0.8906292853273862
cbblr,ga,512,-0.8906292853273862
cbblr,ga,517,-0.8906292853273862
cbblr,ga,545,-0.8906292853273862
cbblr,ga,550,-0.8906292853273862
cbblr,ga,555,-0.8906292853273862
cbblr,ga,556,-0.8906292853273862
cbblr,ga,566,-0.8906292853273862
cbblr,ga,578,-0.8906292853273862
cbblr,ga,731,-0.8906292853273862
cbblr,ga,801,-0.8906292853273862
cbblr,ga,830,-0.8906292853273862
cbblr,ga,838,-0.8906292853273862
cbblr,ga,868,-0.8906292853273862
cbblr,ga,907,-0.8906292853273862
cbblr,ga,954,-0.8906292853273862
cbblr,ga,1018,-0.8906292853273862
cbblr,ga,1087,-0.8906292853273862
cbblr,ga,1093,-0.8906292853273862
cbblr,ga,1158,-0.8906292853273862
cbblr,ga,1166,-0.8906292853273862
cbblr,ga,1333,-0.8906292853273862
cbblr,ga,1336,-0.8906292853273862
cbblr,ga,1356,-0.8906292853273862
cbblr,ga,1359,-0.8906292853273862
cbblr,ga,1428,-0.8906292853273862
cbblr,ga,1480,-0.8906292853273862
cbblr,ga,1492,-0.8906292853273862
cbblr,ga,1514,-0.8906292853273862
cbblr,ga,1515,-0.8906292853273862
cbblr,ga,1542,-0.8906292853273862
cbblr,ga,1544,-0.8906292853273862
cbblr,ga,1566,-0.8906292853273862
cbblr,ga,1606,-0.8906292853273862
cbblr,ga,1650,-0.8906292853273862
cbblr,ga,1711,-0.8906292853273862
cbblr,ga,1901,-0.8906292853273862
cbblr,ga,1976,-0.8906292853273862
cbblr,ga,1993,-0.8906292853273862
cbblr,ga,2027,-0.8906292853273862
cbblr,ga,2068,-0.8906292853273862
cbblr,ga,2266,-0.8906292853273862
cbblr,ga,2272,-0.8906292853273862
cbblr,ga,2275,-0.8906292853273862
cbblr,ga,2297,-0.8906292853273862
cbblr,ga,2301,-0.8906292853273862
cbblr,ga,2329,-0.8906292853273862
cbblr,ga,2332,-0.8906292853273862
cbblr,ga,2377,-0.8906292853273862
cbblr,ga,2387,-0.8906292853273862
cbblr,cluster,350,-0.9063100133677615
cbblr,cluster,351,-0.9063100133677615
cbblr,cluster,352,-0.9063100133677615
cbblr,cluster,353,-0.9063100133677615
cbblr,cluster,354,-0.9063100133677615
cbblr,cluster,355,-0.9063100133677615
cbblr,cluster,356,-0.9063100133677615
cbblr,cluster,357,-0.9063100133677615
cbblr,cluster,358,-0.9063100133677615
cbblr,cluster,359,-0.9063100133677615
cbblr,cluster,360,-0.9063100133677615
cbblr,cluster,362,-0.9063100133677615
cbblr,cluster,363,-0.9063100133677615
cbblr,cluster,367,-0.9063100133677615
cbblr,cluster,370,-0.9063100133677615
cbblr,cluster,373,-0.9063100133677615
cbblr,cluster,383,-0.9063100133677615
cbblr,cluster,385,-0.9063100133677615
cbblr,cluster,391,-0.9063100133677615
cbblr,cluster,397,-0.9063100133677615
cbblr,cluster,401,-0.9063100133677615
cbblr,cluster,406,-0.9063100133677615
cbblr,cluster,409,-0.9063100133677615
cbblr,cluster,421,-0.9063100133677615
cbblr,cluster,430,-0.9063100133677615
cbblr,cluster,450,-0.9063100133677615
cbblr,cluster,457,-0.9063100133677615
cbblr,cluster,474,-0.9063100133677615
cbblr,cluster,489,-0.9063100133677615
cbblr,cluster,496,-0.9063100133677615
cbblr,cluster,498,-0.9063100133677615
cbblr,cluster,511,-0.9063100133677615
cbblr,cluster,512,-0.9063100133677615
cbblr,cluster,519,-0.9063100133677615
cbblr,cluster,525,-0.9063100133677615
cbblr,cluster,531,-0.9063100133677615
cbblr,cluster,540,-0.9063100133677615
cbblr,cluster,549,-0.9063100133677615
cbblr,cluster,562,-0.9063100133677615
cbblr,cluster,566,-0.9063100133677615
cbblr,cluster,581,-0.9063100133677615
cbblr,cluster,603,-0.9063100133677615
cbblr,cluster,615,-0.9063100133677615
cbblr,cluster,632,-0.9063100133677615
cbblr,cluster,642,-0.9063100133677615
cbblr,cluster,647,-0.9063100133677615
cbblr,cluster,653,-0.9063100133677615
cbblr,cluster,659,-0.9063100133677615
cbblr,cluster,660,-0.9063100133677615
cbblr,cluster,663,-0.9063100133677615
cbblr,cluster,666,-0.9063100133677615
cbblr,cluster,667,-0.9063100133677615
cbblr,cluster,678,-0.9063100133677615
cbblr,cluster,690,-0.9063100133677615
cbblr,cluster,691,-0.9063100133677615
cbblr,cluster,693,-0.9063100133677615
cbblr,cluster,694,-0.9063100133677615
cbblr,cluster,697,-0.9063100133677615
cbblr,cluster,700,-0.9063100133677615
cbblr,cluster,707,-0.9063100133677615
cbblr,cluster,708,-0.9063100133677615
cbblr,cluster,710,-0.9063100133677615
cbblr,cluster,712,-0.9063100133677615
cbblr,cluster,715,-0.9063100133677615
cbblr,cluster,717,-0.9063100133677615
cbblr,cluster,720,-0.9063100133677615
cbblr,cluster,721,-0.9063100133677615
cbblr,cluster,724,-0.9063100133677615
cbblr,cluster,726,-0.9063100133677615
cbblr,cluster,730,-0.9063100133677615
cbblr,cluster,736,-0.9063100133677615
cbblr,cluster,742,-0.9063100133677615
cbblr,cluster,747,-0.9063100133677615
cbblr,cluster,780,-0.9063100133677615
cbblr,cluster,800,-0.9063100133677615
cbblr,cluster,925,-0.9063100133677615
cbblr,cluster,959,-0.9063100133677615
cbblr,cluster,962,-0.9063100133677615
cbblr,cluster,984,-0.9063100133677615
cbblr,cluster,985,-0.9063100133677615
cbblr,cluster,1093,-0.9063100133677615
cbblr,cluster,1150,-0.9063100133677615
cbblr,cluster,1218,-0.9063100133677615
cbblr,cluster,1282,-0.9063100133677615
cbblr,cluster,1321,-0.9063100133677615
cbblr,cluster,1333,-0.9063100133677615
cbblr,cluster,1344,-0.9063100133677615
cbblr,cluster,1361,-0.9063100133677615
cbblr,cluster,1365,-0.9063100133677615
cbblr,cluster,1380,-0.9063100133677615
cbblr,cluster,1382,-0.9063100133677615
cbblr,cluster,1386,-0.9063100133677615
cbblr,cluster,1391,-0.9063100133677615
cbblr,cluster,1395,-0.9063100133677615
cbblr,cluster,1398,-0.9063100133677615
cbblr,cluster,1405,-0.9063100133677615
cbblr,cluster,1410,-0.9063100133677615
cbblr,cluster,1430,-0.9063100133677615
cbblr,cluster,1450,-0.9063100133677615
cbblr,cluster,1486,-0.9063100133677615
cbblr,cluster,1499,-0.9063100133677615
cbblr,cluster,1507,-0.9063100133677615
cbblr,cluster,1514,-0.9063100133677615
cbblr,cluster,1523,-0.9063100133677615
cbblr,cluster,1531,-0.9063100133677615
cbblr,cluster,1539,-0.9063100133677615
cbblr,cluster,1553,-0.9063100133677615
cbblr,cluster,1567,-0.9063100133677615
cbblr,cluster,1577,-0.9063100133677615
cbblr,cluster,1600,-0.9063100133677615
cbblr,cluster,1665,-0.9063100133677615
cbblr,cluster,1696,-0.9063100133677615
cbblr,cluster,1705,-0.9063100133677615
cbblr,cluster,1715,-0.9063100133677615
cbblr,cluster,1746,-0.9063100133677615
cbblr,cluster,1750,-0.9063100133677615
cbblr,cluster,1769,-0.9063100133677615
cbblr,cluster,1786,-0.9063100133677615
cbblr,cluster,1827,-0.9063100133677615
cbblr,cluster,1845,-0.9063100133677615
cbblr,cluster,1849,-0.9063100133677615
cbblr,cluster,1857,-0.9063100133677615
cbblr,cluster,1862,-0.9063100133677615
cbblr,cluster,1868,-0.9063100133677615
cbblr,cluster,1873,-0.9063100133677615
cbblr,cluster,1880,-0.9063100133677615
cbblr,cluster,1883,-0.9063100133677615
cbblr,cluster,1886,-0.9063100133677615
cbblr,cluster,1887,-0.9063100133677615
cbblr,cluster,1888,-0.9063100133677615
cbblr,cluster,1890,-0.9063100133677615
cbblr,cluster,1892,-0.9063100133677615
cbblr,cluster,1895,-0.9063100133677615
cbblr,cluster,1896,-0.9063100133677615
cbblr,cluster,1898,-0.9063100133677615
cbblr,cluster,1903,-0.9063100133677615
cbblr,cluster,1904,-0.9063100133677615
cbblr,cluster,1911,-0.9063100133677615
cbblr,cluster,1913,-0.9063100133677615
cbblr,cluster,1920,-0.9063100133677615
cbblr,cluster,1930,-0.9063100133677615
cbblr,cluster,1946,-0.9063100133677615
cbblr,cluster,1954,-0.9063100133677615
cbblr,cluster,1957,-0.9063100133677615
cbblr,cluster,1969,-0.9063100133677615
cbblr,cluster,1975,-0.9063100133677615
cbblr,cluster,1983,-0.9063100133677615
cbblr,cluster,1987,-0.9063100133677615
cbblr,cluster,2004,-0.9063100133677615
cbblr,cluster,2018,-0.9063100133677615
cbblr,cluster,2025,-0.9063100133677615
cbblr,cluster,2044,-0.9063100133677615
cbblr,cluster,2051,-0.9063100133677615
cbblr,cluster,2082,-0.9063100133677615
cbblr,cluster,2091,-0.9063100133677615
cbblr,cluster,2109,-0.9063100133677615
cbblr,cluster,2117,-0.9063100133677615
cbblr,cluster,2120,-0.9063100133677615
cbblr,cluster,2133,-0.9063100133677615
cbblr,cluster,2139,-0.9063100133677615
cbblr,cluster,2150,-0.9063100133677615
cbblr,cluster,2155,-0.9063100133677615
cbblr,cluster,2171,-0.9063100133677615
cbblr,cluster,2196,-0.9063100133677615
cbblr,cluster,2240,-0.9063100133677615
cbblr,cluster,2247,-0.9063100133677615
cbblr,cluster,2253,-0.9063100133677615
cbblr,cluster,2270,-0.9063100133677615
cbblr,cluster,2280,-0.9063100133677615
cbblr,cluster,2294,-0.9063100133677615
cbblr,cluster,2308,-0.9063100133677615
cbblr,cluster,2333,-0.9063100133677615
cbblr,cluster,2334,-0.9063100133677615
cbblr,cluster,2361,-0.9063100133677615
cbblr,cluster,2379,-0.9063100133677615
cbblr,cluster,2384,-0.9063100133677615
cbblr,cluster,2409,-0.9063100133677615
cbblr,cluster,2429,-0.9063100133677615
cbblr,cluster,2432,-0.9063100133677615
cbblr,cluster,2456,-0.9063100133677615
cbblr,cluster,2465,-0.9063100133677615
cbblr,cluster,2471,-0.9063100133677615
cbblr,cluster,2482,-0.9063100133677615
cbblr,cluster,2491,-0.9063100133677615
cbblr,perm_imp,1567,-0.9298659266268646
cbblr,perm_imp,496,-0.9298659266268646
cbblr,perm_imp,421,-0.9298659266268646
cbblr,perm_imp,1410,-0.9298659266268646
cbblr,perm_imp,1553,-0.9298659266268646
cbblr,perm_imp,1600,-0.9298659266268646
cbblr,perm_imp,2247,-0.9298659266268646
cbblr,perm_imp,525,-0.9298659266268646
cbblr,perm_imp,1531,-0.9298659266268646
cbblr,perm_imp,2379,-0.9298659266268646
cbblr,perm_imp,653,-0.9298659266268646
cbblr,perm_imp,1365,-0.9298659266268646
cbblr,perm_imp,1890,-0.9298659266268646
cbblr,perm_imp,647,-0.9298659266268646
cbblr,perm_imp,498,-0.9298659266268646
cbblr,perm_imp,2025,-0.9298659266268646
cbblr,perm_imp,2004,-0.9298659266268646
cbblr,perm_imp,1983,-0.9298659266268646
cbblr,perm_imp,736,-0.9298659266268646
cbblr,perm_imp,355,-0.9298659266268646
cbblr,perm_imp,367,-0.9298659266268646
cbblr,perm_imp,925,-0.9298659266268646
cbblr,perm_imp,1361,-0.9298659266268646
cbblr,perm_imp,1911,-0.9298659266268646
cbblr,perm_imp,383,-0.9298659266268646
cbblr,perm_imp,2051,-0.9298659266268646
cbblr,perm_imp,359,-0.9298659266268646
cbblr,perm_imp,962,-0.9298659266268646
cbblr,perm_imp,350,-0.9298659266268646
cbblr,perm_imp,1987,-0.9298659266268646
cbblr,perm_imp,360,-0.9298659266268646
cbblr,perm_imp,2044,-0.9298659266268646
cbblr,perm_imp,959,-0.9298659266268646
cbblr,perm_imp,457,-0.9298659266268646
cbblr,perm_imp,742,-0.9298659266268646
cbblr,perm_imp,747,-0.9298659266268646
cbblr,perm_imp,1715,-0.9298659266268646
cbblr,perm_imp,800,-0.9298659266268646
cbblr,perm_imp,780,-0.9298659266268646
cbblr,perm_imp,2482,-0.9298659266268646
cbblr,perm_imp,353,-0.9298659266268646
cbblr,perm_imp,450,-0.9298659266268646
cbblr,perm_imp,1903,-0.9298659266268646
cbblr,perm_imp,566,-0.9298659266268646
cbblr,perm_imp,2361,-0.9298659266268646
cbblr,perm_imp,373,-0.9298659266268646
cbblr,perm_imp,430,-0.9298659266268646
cbblr,perm_imp,540,-0.9298659266268646
cbblr,perm_imp,352,-0.9298659266268646
cbblr,perm_imp,1886,-0.9298659266268646
cbblr,perm_imp,562,-0.9298659266268646
cbblr,perm_imp,2308,-0.9298659266268646
cbblr,perm_imp,2471,-0.9298659266268646
cbblr,perm_imp,1888,-0.9298659266268646
cbblr,perm_imp,1887,-0.9298659266268646
cbblr,perm_imp,1904,-0.9298659266268646
cbblr,perm_imp,2294,-0.9298659266268646
cbblr,perm_imp,549,-0.9298659266268646
cbblr,perm_imp,1920,-0.9298659266268646
cbblr,perm_imp,519,-0.9298659266268646
cbblr,perm_imp,2334,-0.9298659266268646
cbblr,perm_imp,512,-0.9298659266268646
cbblr,perm_imp,2333,-0.9298659266268646
cbblr,perm_imp,511,-0.9298659266268646
fungi,mi,1453,-1.07433646834636
fungi,mi,1485,-1.07433646834636
fungi,mi,2167,-1.07433646834636
fungi,mi,1542,-1.07433646834636
fungi,mi,2175,-1.07433646834636
fungi,mi,1451,-1.07433646834636
fungi,mi,2178,-1.07433646834636
fungi,mi,1552,-1.07433646834636
fungi,mi,2179,-1.07433646834636
fungi,mi,1480,-1.07433646834636
fungi,mi,2438,-1.07433646834636
fungi,mi,2187,-1.07433646834636
fungi,mi,1450,-1.07433646834636
fungi,mi,2166,-1.07433646834636
fungi,mi,1478,-1.07433646834636
fungi,mi,1458,-1.07433646834636
fungi,mi,1479,-1.07433646834636
fungi,mi,1550,-1.07433646834636
fungi,mi,1551,-1.07433646834636
fungi,mi,1482,-1.07433646834636
fungi,mi,1459,-1.07433646834636
fungi,mi,2177,-1.07433646834636
fungi,mi,1481,-1.07433646834636
fungi,mi,1447,-1.07433646834636
fungi,mi,1449,-1.07433646834636
fungi,mi,2181,-1.07433646834636
fungi,mi,1484,-1.07433646834636
fungi,mi,1476,-1.07433646834636
fungi,mi,2424,-1.07433646834636
fungi,mi,1483,-1.07433646834636
fungi,mi,1448,-1.07433646834636
fungi,mi,2180,-1.07433646834636
fungi,mi,1460,-1.07433646834636
fungi,mi,1477,-1.07433646834636
fungi,mi,1472,-1.07433646834636
fungi,mi,2182,-1.07433646834636
fungi,mi,1543,-1.07433646834636
fungi,mi,1474,-1.07433646834636
fungi,mi,1461,-1.07433646834636
fungi,mi,1473,-1.07433646834636
fungi,mi,1548,-1.07433646834636
fungi,mi,1546,-1.07433646834636
fungi,mi,1886,-1.07433646834636
fungi,mi,1464,-1.07433646834636
fungi,mi,1475,-1.07433646834636
fungi,mi,1549,-1.07433646834636
fungi,mi,1544,-1.07433646834636
fungi,mi,1547,-1.07433646834636
fungi,mi,2422,-1.07433646834636
fungi,mi,1462,-1.07433646834636
fungi,mi,1463,-1.07433646834636
fungi,mi,1471,-1.07433646834636
fungi,mi,2423,-1.07433646834636
fungi,mi,2183,-1.07433646834636
fungi,mi,1465,-1.07433646834636
fungi,mi,1545,-1.07433646834636
fungi,mi,2185,-1.07433646834636
fungi,mi,2186,-1.07433646834636
fungi,mi,1469,-1.07433646834636
fungi,mi,1468,-1.07433646834636
fungi,mi,1470,-1.07433646834636
fungi,mi,1467,-1.07433646834636
fungi,mi,2184,-1.07433646834636
fungi,mi,1466,-1.07433646834636
fungi,coeffs,2330,-1.0872832170701514
fungi,coeffs,2026,-1.0872832170701514
fungi,coeffs,622,-1.0872832170701514
fungi,coeffs,2024,-1.0872832170701514
fungi,coeffs,2305,-1.0872832170701514
fungi,coeffs,2025,-1.0872832170701514
fungi,coeffs,1365,-1.0872832170701514
fungi,coeffs,631,-1.0872832170701514
fungi,coeffs,553,-1.0872832170701514
fungi,coeffs,623,-1.0872832170701514
fungi,coeffs,512,-1.0872832170701514
fungi,coeffs,2333,-1.0872832170701514
fungi,coeffs,2303,-1.0872832170701514
fungi,coeffs,539,-1.0872832170701514
fungi,coeffs,433,-1.0872832170701514
fungi,coeffs,1359,-1.0872832170701514
fungi,coeffs,510,-1.0872832170701514
fungi,coeffs,2014,-1.0872832170701514
fungi,coeffs,2010,-1.0872832170701514
fungi,coeffs,2331,-1.0872832170701514
fungi,coeffs,626,-1.0872832170701514
fungi,coeffs,2304,-1.0872832170701514
fungi,coeffs,552,-1.0872832170701514
fungi,coeffs,2332,-1.0872832170701514
fungi,coeffs,1364,-1.0872832170701514
fungi,coeffs,551,-1.0872832170701514
fungi,coeffs,630,-1.0872832170701514
fungi,coeffs,629,-1.0872832170701514
fungi,coeffs,625,-1.0872832170701514
fungi,coeffs,547,-1.0872832170701514
fungi,coeffs,1360,-1.0872832170701514
fungi,coeffs,380,-1.0872832170701514
fungi,coeffs,546,-1.0872832170701514
fungi,coeffs,1363,-1.0872832170701514
fungi,coeffs,545,-1.0872832170701514
fungi,coeffs,624,-1.0872832170701514
fungi,coeffs,541,-1.0872832170701514
fungi,coeffs,508,-1.0872832170701514
fungi,coeffs,548,-1.0872832170701514
fungi,coeffs,544,-1.0872832170701514
fungi,coeffs,540,-1.0872832170701514
fungi,coeffs,628,-1.0872832170701514
fungi,coeffs,627,-1.0872832170701514
fungi,coeffs,1362,-1.0872832170701514
fungi,coeffs,550,-1.0872832170701514
fungi,coeffs,1361,-1.0872832170701514
fungi,coeffs,509,-1.0872832170701514
fungi,coeffs,549,-1.0872832170701514
fungi,coeffs,437,-1.0872832170701514
fungi,coeffs,511,-1.0872832170701514
fungi,coeffs,432,-1.0872832170701514
fungi,coeffs,434,-1.0872832170701514
fungi,coeffs,543,-1.0872832170701514
fungi,coeffs,542,-1.0872832170701514
fungi,coeffs,2011,-1.0872832170701514
fungi,coeffs,436,-1.0872832170701514
fungi,coeffs,2013,-1.0872832170701514
fungi,coeffs,435,-1.0872832170701514
fungi,coeffs,352,-1.0872832170701514
fungi,coeffs,2012,-1.0872832170701514
fungi,coeffs,350,-1.0872832170701514
fungi,coeffs,361,-1.0872832170701514
fungi,coeffs,351,-1.0872832170701514
fungi,coeffs,360,-1.0872832170701514
fungi,ga,351,-1.1242289089354647
fungi,ga,360,-1.1242289089354647
fungi,ga,361,-1.1242289089354647
fungi,ga,546,-1.1242289089354647
fungi,ga,551,-1.1242289089354647
fungi,ga,584,-1.1242289089354647
fungi,ga,587,-1.1242289089354647
fungi,ga,593,-1.1242289089354647
fungi,ga,599,-1.1242289089354647
fungi,ga,631,-1.1242289089354647
fungi,ga,807,-1.1242289089354647
fungi,ga,817,-1.1242289089354647
fungi,ga,1067,-1.1242289089354647
fungi,ga,1074,-1.1242289089354647
fungi,ga,1080,-1.1242289089354647
fungi,ga,1101,-1.1242289089354647
fungi,ga,1104,-1.1242289089354647
fungi,ga,1125,-1.1242289089354647
fungi,ga,1131,-1.1242289089354647
fungi,ga,1230,-1.1242289089354647
fungi,ga,1255,-1.1242289089354647
fungi,ga,1257,-1.1242289089354647
fungi,ga,1294,-1.1242289089354647
fungi,ga,1322,-1.1242289089354647
fungi,ga,1329,-1.1242289089354647
fungi,ga,1331,-1.1242289089354647
fungi,ga,1370,-1.1242289089354647
fungi,ga,1403,-1.1242289089354647
fungi,ga,1442,-1.1242289089354647
fungi,ga,1470,-1.1242289089354647
fungi,ga,1532,-1.1242289089354647
fungi,ga,1587,-1.1242289089354647
fungi,ga,1592,-1.1242289089354647
fungi,ga,1604,-1.1242289089354647
fungi,ga,1606,-1.1242289089354647
fungi,ga,1645,-1.1242289089354647
fungi,ga,1671,-1.1242289089354647
fungi,ga,1689,-1.1242289089354647
fungi,ga,1832,-1.1242289089354647
fungi,ga,1836,-1.1242289089354647
fungi,ga,1842,-1.1242289089354647
fungi,ga,1937,-1.1242289089354647
fungi,ga,1945,-1.1242289089354647
fungi,ga,2021,-1.1242289089354647
fungi,ga,2024,-1.1242289089354647
fungi,ga,2038,-1.1242289089354647
fungi,ga,2042,-1.1242289089354647
fungi,ga,2060,-1.1242289089354647
fungi,ga,2110,-1.1242289089354647
fungi,ga,2126,-1.1242289089354647
fungi,ga,2171,-1.1242289089354647
fungi,ga,2200,-1.1242289089354647
fungi,ga,2224,-1.1242289089354647
fungi,ga,2246,-1.1242289089354647
fungi,ga,2287,-1.1242289089354647
fungi,ga,2303,-1.1242289089354647
fungi,ga,2330,-1.1242289089354647
fungi,ga,2386,-1.1242289089354647
fungi,ga,2402,-1.1242289089354647
fungi,ga,2431,-1.1242289089354647
fungi,ga,2471,-1.1242289089354647
fungi,cluster,350,-1.1154756385284177
fungi,cluster,351,-1.1154756385284177
fungi,cluster,352,-1.1154756385284177
fungi,cluster,353,-1.1154756385284177
fungi,cluster,354,-1.1154756385284177
fungi,cluster,355,-1.1154756385284177
fungi,cluster,356,-1.1154756385284177
fungi,cluster,357,-1.1154756385284177
fungi,cluster,358,-1.1154756385284177
fungi,cluster,359,-1.1154756385284177
fungi,cluster,360,-1.1154756385284177
fungi,cluster,362,-1.1154756385284177
fungi,cluster,363,-1.1154756385284177
fungi,cluster,367,-1.1154756385284177
fungi,cluster,370,-1.1154756385284177
fungi,cluster,373,-1.1154756385284177
fungi,cluster,383,-1.1154756385284177
fungi,cluster,385,-1.1154756385284177
fungi,cluster,391,-1.1154756385284177
fungi,cluster,397,-1.1154756385284177
fungi,cluster,401,-1.1154756385284177
fungi,cluster,406,-1.1154756385284177
fungi,cluster,409,-1.1154756385284177
fungi,cluster,421,-1.1154756385284177
fungi,cluster,430,-1.1154756385284177
fungi,cluster,450,-1.1154756385284177
fungi,cluster,457,-1.1154756385284177
fungi,cluster,474,-1.1154756385284177
fungi,cluster,489,-1.1154756385284177
fungi,cluster,496,-1.1154756385284177
fungi,cluster,498,-1.1154756385284177
fungi,cluster,511,-1.1154756385284177
fungi,cluster,512,-1.1154756385284177
fungi,cluster,519,-1.1154756385284177
fungi,cluster,525,-1.1154756385284177
fungi,cluster,531,-1.1154756385284177
fungi,cluster,540,-1.1154756385284177
fungi,cluster,549,-1.1154756385284177
fungi,cluster,562,-1.1154756385284177
fungi,cluster,566,-1.1154756385284177
fungi,cluster,581,-1.1154756385284177
fungi,cluster,603,-1.1154756385284177
fungi,cluster,615,-1.1154756385284177
fungi,cluster,632,-1.1154756385284177
fungi,cluster,642,-1.1154756385284177
fungi,cluster,647,-1.1154756385284177
fungi,cluster,653,-1.1154756385284177
fungi,cluster,659,-1.1154756385284177
fungi,cluster,660,-1.1154756385284177
fungi,cluster,663,-1.1154756385284177
fungi,cluster,666,-1.1154756385284177
fungi,cluster,667,-1.1154756385284177
fungi,cluster,678,-1.1154756385284177
fungi,cluster,690,-1.1154756385284177
fungi,cluster,691,-1.1154756385284177
fungi,cluster,693,-1.1154756385284177
fungi,cluster,694,-1.1154756385284177
fungi,cluster,697,-1.1154756385284177
fungi,cluster,700,-1.1154756385284177
fungi,cluster,707,-1.1154756385284177
fungi,cluster,708,-1.1154756385284177
fungi,cluster,710,-1.1154756385284177
fungi,cluster,712,-1.1154756385284177
fungi,cluster,715,-1.1154756385284177
fungi,cluster,717,-1.1154756385284177
fungi,cluster,720,-1.1154756385284177
fungi,cluster,721,-1.1154756385284177
fungi,cluster,724,-1.1154756385284177
fungi,cluster,726,-1.1154756385284177
fungi,cluster,730,-1.1154756385284177
fungi,cluster,736,-1.1154756385284177
fungi,cluster,742,-1.1154756385284177
fungi,cluster,747,-1.1154756385284177
fungi,cluster,780,-1.1154756385284177
fungi,cluster,800,-1.1154756385284177
fungi,cluster,925,-1.1154756385284177
fungi,cluster,959,-1.1154756385284177
fungi,cluster,962,-1.1154756385284177
fungi,cluster,984,-1.1154756385284177
fungi,cluster,985,-1.1154756385284177
fungi,cluster,1093,-1.1154756385284177
fungi,cluster,1150,-1.1154756385284177
fungi,cluster,1218,-1.1154756385284177
fungi,cluster,1282,-1.1154756385284177
fungi,cluster,1321,-1.1154756385284177
fungi,cluster,1333,-1.1154756385284177
fungi,cluster,1344,-1.1154756385284177
fungi,cluster,1361,-1.1154756385284177
fungi,cluster,1365,-1.1154756385284177
fungi,cluster,1380,-1.1154756385284177
fungi,cluster,1382,-1.1154756385284177
fungi,cluster,1386,-1.1154756385284177
fungi,cluster,1391,-1.1154756385284177
fungi,cluster,1395,-1.1154756385284177
fungi,cluster,1398,-1.1154756385284177
fungi,cluster,1405,-1.1154756385284177
fungi,cluster,1410,-1.1154756385284177
fungi,cluster,1430,-1.1154756385284177
fungi,cluster,1450,-1.1154756385284177
fungi,cluster,1486,-1.1154756385284177
fungi,cluster,1499,-1.1154756385284177
fungi,cluster,1507,-1.1154756385284177
fungi,cluster,1514,-1.1154756385284177
fungi,cluster,1523,-1.1154756385284177
fungi,cluster,1531,-1.1154756385284177
fungi,cluster,1539,-1.1154756385284177
fungi,cluster,1553,-1.1154756385284177
fungi,cluster,1567,-1.1154756385284177
fungi,cluster,1577,-1.1154756385284177
fungi,cluster,1600,-1.1154756385284177
fungi,cluster,1665,-1.1154756385284177
fungi,cluster,1696,-1.1154756385284177
fungi,cluster,1705,-1.1154756385284177
fungi,cluster,1715,-1.1154756385284177
fungi,cluster,1746,-1.1154756385284177
fungi,cluster,1750,-1.1154756385284177
fungi,cluster,1769,-1.1154756385284177
fungi,cluster,1786,-1.1154756385284177
fungi,cluster,1827,-1.1154756385284177
fungi,cluster,1845,-1.1154756385284177
fungi,cluster,1849,-1.1154756385284177
fungi,cluster,1857,-1.1154756385284177
fungi,cluster,1862,-1.1154756385284177
fungi,cluster,1868,-1.1154756385284177
fungi,cluster,1873,-1.1154756385284177
fungi,cluster,1880,-1.1154756385284177
fungi,cluster,1883,-1.1154756385284177
fungi,cluster,1886,-1.1154756385284177
fungi,cluster,1887,-1.1154756385284177
fungi,cluster,1888,-1.1154756385284177
fungi,cluster,1890,-1.1154756385284177
fungi,cluster,1892,-1.1154756385284177
fungi,cluster,1895,-1.1154756385284177
fungi,cluster,1896,-1.1154756385284177
fungi,cluster,1898,-1.1154756385284177
fungi,cluster,1903,-1.1154756385284177
fungi,cluster,1904,-1.1154756385284177
fungi,cluster,1911,-1.1154756385284177
fungi,cluster,1913,-1.1154756385284177
fungi,cluster,1920,-1.1154756385284177
fungi,cluster,1930,-1.1154756385284177
fungi,cluster,1946,-1.1154756385284177
fungi,cluster,1954,-1.1154756385284177
fungi,cluster,1957,-1.1154756385284177
fungi,cluster,1969,-1.1154756385284177
fungi,cluster,1975,-1.1154756385284177
fungi,cluster,1983,-1.1154756385284177
fungi,cluster,1987,-1.1154756385284177
fungi,cluster,2004,-1.1154756385284177
fungi,cluster,2018,-1.1154756385284177
fungi,cluster,2025,-1.1154756385284177
fungi,cluster,2044,-1.1154756385284177
fungi,cluster,2051,-1.1154756385284177
fungi,cluster,2082,-1.1154756385284177
fungi,cluster,2091,-1.1154756385284177
fungi,cluster,2109,-1.1154756385284177
fungi,cluster,2117,-1.1154756385284177
fungi,cluster,2120,-1.1154756385284177
fungi,cluster,2133,-1.1154756385284177
fungi,cluster,2139,-1.1154756385284177
fungi,cluster,2150,-1.1154756385284177
fungi,cluster,2155,-1.1154756385284177
fungi,cluster,2171,-1.1154756385284177
fungi,cluster,2196,-1.1154756385284177
fungi,cluster,2240,-1.1154756385284177
fungi,cluster,2247,-1.1154756385284177
fungi,cluster,2253,-1.1154756385284177
fungi,cluster,2270,-1.1154756385284177
fungi,cluster,2280,-1.1154756385284177
fungi,cluster,2294,-1.1154756385284177
fungi,cluster,2308,-1.1154756385284177
fungi,cluster,2333,-1.1154756385284177
fungi,cluster,2334,-1.1154756385284177
fungi,cluster,2361,-1.1154756385284177
fungi,cluster,2379,-1.1154756385284177
fungi,cluster,2384,-1.1154756385284177
fungi,cluster,2409,-1.1154756385284177
fungi,cluster,2429,-1.1154756385284177
fungi,cluster,2432,-1.1154756385284177
fungi,cluster,2456,-1.1154756385284177
fungi,cluster,2465,-1.1154756385284177
fungi,cluster,2471,-1.1154756385284177
fungi,cluster,2482,-1.1154756385284177
fungi,cluster,2491,-1.1154756385284177
fungi,perm_imp,1904,-1.1018712779358193
fungi,perm_imp,1903,-1.1018712779358193
fungi,perm_imp,1896,-1.1018712779358193
fungi,perm_imp,1898,-1.1018712779358193
fungi,perm_imp,1895,-1.1018712779358193
fungi,perm_imp,1892,-1.1018712779358193
fungi,perm_imp,1888,-1.1018712779358193
fungi,perm_imp,1887,-1.1018712779358193
fungi,perm_imp,2465,-1.1018712779358193
fungi,perm_imp,2471,-1.1018712779358193
fungi,perm_imp,2482,-1.1018712779358193
fungi,perm_imp,2491,-1.1018712779358193
fungi,perm_imp,2456,-1.1018712779358193
fungi,perm_imp,2432,-1.1018712779358193
fungi,perm_imp,2429,-1.1018712779358193
fungi,perm_imp,2409,-1.1018712779358193
fungi,perm_imp,2280,-1.1018712779358193
fungi,perm_imp,2384,-1.1018712779358193
fungi,perm_imp,2379,-1.1018712779358193
fungi,perm_imp,2361,-1.1018712779358193
fungi,perm_imp,2196,-1.1018712779358193
fungi,perm_imp,2171,-1.1018712779358193
fungi,perm_imp,2155,-1.1018712779358193
fungi,perm_imp,2150,-1.1018712779358193
fungi,perm_imp,2270,-1.1018712779358193
fungi,perm_imp,2253,-1.1018712779358193
fungi,perm_imp,2247,-1.1018712779358193
fungi,perm_imp,2133,-1.1018712779358193
fungi,perm_imp,2117,-1.1018712779358193
fungi,perm_imp,2109,-1.1018712779358193
fungi,perm_imp,2091,-1.1018712779358193
fungi,perm_imp,2082,-1.1018712779358193
fungi,perm_imp,2240,-1.1018712779358193
fungi,perm_imp,691,-1.1018712779358193
fungi,perm_imp,1983,-1.1018712779358193
fungi,perm_imp,421,-1.1018712779358193
fungi,perm_imp,615,-1.1018712779358193
fungi,perm_imp,1321,-1.1018712779358193
fungi,perm_imp,2294,-1.1018712779358193
fungi,perm_imp,2051,-1.1018712779358193
fungi,perm_imp,1890,-1.1018712779358193
fungi,perm_imp,383,-1.1018712779358193
fungi,perm_imp,362,-1.1018712779358193
fungi,perm_imp,2018,-1.1018712779358193
fungi,perm_imp,512,-1.1018712779358193
fungi,perm_imp,1987,-1.1018712779358193
fungi,perm_imp,359,-1.1018712779358193
fungi,perm_imp,352,-1.1018712779358193
fungi,perm_imp,2308,-1.1018712779358193
fungi,perm_imp,511,-1.1018712779358193
fungi,perm_imp,1365,-1.1018712779358193
fungi,perm_imp,2334,-1.1018712779358193
fungi,perm_imp,2044,-1.1018712779358193
fungi,perm_imp,2004,-1.1018712779358193
fungi,perm_imp,1361,-1.1018712779358193
fungi,perm_imp,2333,-1.1018712779358193
fungi,perm_imp,350,-1.1018712779358193
fungi,perm_imp,632,-1.1018712779358193
fungi,perm_imp,2025,-1.1018712779358193
fungi,perm_imp,430,-1.1018712779358193
fungi,perm_imp,540,-1.1018712779358193
fungi,perm_imp,549,-1.1018712779358193
fungi,perm_imp,351,-1.1018712779358193
fungi,perm_imp,360,-1.1018712779358193
bact,mi,1582,-0.9468659671253468
bact,mi,2330,-0.9468659671253468
bact,mi,1484,-0.9468659671253468
bact,mi,2002,-0.9468659671253468
bact,mi,716,-0.9468659671253468
bact,mi,2005,-0.9468659671253468
bact,mi,1442,-0.9468659671253468
bact,mi,1443,-0.9468659671253468
bact,mi,1437,-0.9468659671253468
bact,mi,2006,-0.9468659671253468
bact,mi,2256,-0.9468659671253468
bact,mi,1445,-0.9468659671253468
bact,mi,1482,-0.9468659671253468
bact,mi,1444,-0.9468659671253468
bact,mi,1483,-0.9468659671253468
bact,mi,1436,-0.9468659671253468
bact,mi,1621,-0.9468659671253468
bact,mi,2312,-0.9468659671253468
bact,mi,1646,-0.9468659671253468
bact,mi,2254,-0.9468659671253468
bact,mi,1643,-0.9468659671253468
bact,mi,1642,-0.9468659671253468
bact,mi,727,-0.9468659671253468
bact,mi,2004,-0.9468659671253468
bact,mi,1645,-0.9468659671253468
bact,mi,1622,-0.9468659671253468
bact,mi,2314,-0.9468659671253468
bact,mi,2007,-0.9468659671253468
bact,mi,1638,-0.9468659671253468
bact,mi,1639,-0.9468659671253468
bact,mi,2262,-0.9468659671253468
bact,mi,1644,-0.9468659671253468
bact,mi,2257,-0.9468659671253468
bact,mi,1641,-0.9468659671253468
bact,mi,2258,-0.9468659671253468
bact,mi,1623,-0.9468659671253468
bact,mi,1640,-0.9468659671253468
bact,mi,2313,-0.9468659671253468
bact,mi,1637,-0.9468659671253468
bact,mi,2008,-0.9468659671253468
bact,mi,717,-0.9468659671253468
bact,mi,1624,-0.9468659671253468
bact,mi,983,-0.9468659671253468
bact,mi,1636,-0.9468659671253468
bact,mi,2261,-0.9468659671253468
bact,mi,1886,-0.9468659671253468
bact,mi,1635,-0.9468659671253468
bact,mi,1632,-0.9468659671253468
bact,mi,1634,-0.9468659671253468
bact,mi,1625,-0.9468659671253468
bact,mi,1633,-0.9468659671253468
bact,mi,2259,-0.9468659671253468
bact,mi,2260,-0.9468659671253468
bact,mi,1626,-0.9468659671253468
bact,mi,720,-0.9468659671253468
bact,mi,1631,-0.9468659671253468
bact,mi,1885,-0.9468659671253468
bact,mi,1630,-0.9468659671253468
bact,mi,1629,-0.9468659671253468
bact,mi,719,-0.9468659671253468
bact,mi,1627,-0.9468659671253468
bact,mi,1628,-0.9468659671253468
bact,mi,718,-0.9468659671253468
bact,mi,354,-0.9468659671253468
bact,coeffs,1948,-0.8026358357027641
bact,coeffs,2347,-0.8026358357027641
bact,coeffs,430,-0.8026358357027641
bact,coeffs,382,-0.8026358357027641
bact,coeffs,2350,-0.8026358357027641
bact,coeffs,394,-0.8026358357027641
bact,coeffs,396,-0.8026358357027641
bact,coeffs,364,-0.8026358357027641
bact,coeffs,472,-0.8026358357027641
bact,coeffs,1925,-0.8026358357027641
bact,coeffs,981,-0.8026358357027641
bact,coeffs,1947,-0.8026358357027641
bact,coeffs,1867,-0.8026358357027641
bact,coeffs,1871,-0.8026358357027641
bact,coeffs,428,-0.8026358357027641
bact,coeffs,366,-0.8026358357027641
bact,coeffs,479,-0.8026358357027641
bact,coeffs,2349,-0.8026358357027641
bact,coeffs,1884,-0.8026358357027641
bact,coeffs,1902,-0.8026358357027641
bact,coeffs,2348,-0.8026358357027641
bact,coeffs,1939,-0.8026358357027641
bact,coeffs,971,-0.8026358357027641
bact,coeffs,1868,-0.8026358357027641
bact,coeffs,1870,-0.8026358357027641
bact,coeffs,476,-0.8026358357027641
bact,coeffs,1934,-0.8026358357027641
bact,coeffs,1916,-0.8026358357027641
bact,coeffs,1938,-0.8026358357027641
bact,coeffs,429,-0.8026358357027641
bact,coeffs,1869,-0.8026358357027641
bact,coeffs,1946,-0.8026358357027641
bact,coeffs,473,-0.8026358357027641
bact,coeffs,365,-0.8026358357027641
bact,coeffs,1899,-0.8026358357027641
bact,coeffs,1917,-0.8026358357027641
bact,coeffs,980,-0.8026358357027641
bact,coeffs,477,-0.8026358357027641
bact,coeffs,395,-0.8026358357027641
bact,coeffs,973,-0.8026358357027641
bact,coeffs,1890,-0.8026358357027641
bact,coeffs,478,-0.8026358357027641
bact,coeffs,1945,-0.8026358357027641
bact,coeffs,1940,-0.8026358357027641
bact,coeffs,1935,-0.8026358357027641
bact,coeffs,1937,-0.8026358357027641
bact,coeffs,979,-0.8026358357027641
bact,coeffs,1936,-0.8026358357027641
bact,coeffs,1901,-0.8026358357027641
bact,coeffs,1944,-0.8026358357027641
bact,coeffs,978,-0.8026358357027641
bact,coeffs,1900,-0.8026358357027641
bact,coeffs,975,-0.8026358357027641
bact,coeffs,977,-0.8026358357027641
bact,coeffs,1941,-0.8026358357027641
bact,coeffs,1943,-0.8026358357027641
bact,coeffs,976,-0.8026358357027641
bact,coeffs,1885,-0.8026358357027641
bact,coeffs,974,-0.8026358357027641
bact,coeffs,1942,-0.8026358357027641
bact,coeffs,1889,-0.8026358357027641
bact,coeffs,1886,-0.8026358357027641
bact,coeffs,1888,-0.8026358357027641
bact,coeffs,1887,-0.8026358357027641
bact,ga,365,-0.7723698973826371
bact,ga,379,-0.7723698973826371
bact,ga,395,-0.7723698973826371
bact,ga,460,-0.7723698973826371
bact,ga,496,-0.7723698973826371
bact,ga,573,-0.7723698973826371
bact,ga,598,-0.7723698973826371
bact,ga,677,-0.7723698973826371
bact,ga,679,-0.7723698973826371
bact,ga,703,-0.7723698973826371
bact,ga,712,-0.7723698973826371
bact,ga,726,-0.7723698973826371
bact,ga,743,-0.7723698973826371
bact,ga,759,-0.7723698973826371
bact,ga,837,-0.7723698973826371
bact,ga,839,-0.7723698973826371
bact,ga,841,-0.7723698973826371
bact,ga,974,-0.7723698973826371
bact,ga,975,-0.7723698973826371
bact,ga,978,-0.7723698973826371
bact,ga,1058,-0.7723698973826371
bact,ga,1062,-0.7723698973826371
bact,ga,1102,-0.7723698973826371
bact,ga,1103,-0.7723698973826371
bact,ga,1159,-0.7723698973826371
bact,ga,1161,-0.7723698973826371
bact,ga,1225,-0.7723698973826371
bact,ga,1233,-0.7723698973826371
bact,ga,1368,-0.7723698973826371
bact,ga,1373,-0.7723698973826371
bact,ga,1403,-0.7723698973826371
bact,ga,1416,-0.7723698973826371
bact,ga,1428,-0.7723698973826371
bact,ga,1434,-0.7723698973826371
bact,ga,1448,-0.7723698973826371
bact,ga,1669,-0.7723698973826371
bact,ga,1694,-0.7723698973826371
bact,ga,1697,-0.7723698973826371
bact,ga,1798,-0.7723698973826371
bact,ga,1807,-0.7723698973826371
bact,ga,1849,-0.7723698973826371
bact,ga,1874,-0.7723698973826371
bact,ga,1885,-0.7723698973826371
bact,ga,1887,-0.7723698973826371
bact,ga,1888,-0.7723698973826371
bact,ga,1890,-0.7723698973826371
bact,ga,1901,-0.7723698973826371
bact,ga,1913,-0.7723698973826371
bact,ga,1936,-0.7723698973826371
bact,ga,1945,-0.7723698973826371
bact,ga,1966,-0.7723698973826371
bact,ga,2020,-0.7723698973826371
bact,ga,2103,-0.7723698973826371
bact,ga,2106,-0.7723698973826371
bact,ga,2143,-0.7723698973826371
bact,ga,2212,-0.7723698973826371
bact,ga,2220,-0.7723698973826371
bact,ga,2231,-0.7723698973826371
bact,ga,2267,-0.7723698973826371
bact,ga,2353,-0.7723698973826371
bact,ga,2369,-0.7723698973826371
bact,ga,2427,-0.7723698973826371
bact,ga,2453,-0.7723698973826371
bact,cluster,350,-0.7844099876742767
bact,cluster,351,-0.7844099876742767
bact,cluster,352,-0.7844099876742767
bact,cluster,353,-0.7844099876742767
bact,cluster,354,-0.7844099876742767
bact,cluster,355,-0.7844099876742767
bact,cluster,356,-0.7844099876742767
bact,cluster,357,-0.7844099876742767
bact,cluster,358,-0.7844099876742767
bact,cluster,359,-0.7844099876742767
bact,cluster,360,-0.7844099876742767
bact,cluster,362,-0.7844099876742767
bact,cluster,363,-0.7844099876742767
bact,cluster,367,-0.7844099876742767
bact,cluster,370,-0.7844099876742767
bact,cluster,373,-0.7844099876742767
bact,cluster,383,-0.7844099876742767
bact,cluster,385,-0.7844099876742767
bact,cluster,391,-0.7844099876742767
bact,cluster,397,-0.7844099876742767
bact,cluster,401,-0.7844099876742767
bact,cluster,406,-0.7844099876742767
bact,cluster,409,-0.7844099876742767
bact,cluster,421,-0.7844099876742767
bact,cluster,430,-0.7844099876742767
bact,cluster,450,-0.7844099876742767
bact,cluster,457,-0.7844099876742767
bact,cluster,474,-0.7844099876742767
bact,cluster,489,-0.7844099876742767
bact,cluster,496,-0.7844099876742767
bact,cluster,498,-0.7844099876742767
bact,cluster,511,-0.7844099876742767
bact,cluster,512,-0.7844099876742767
bact,cluster,519,-0.7844099876742767
bact,cluster,525,-0.7844099876742767
bact,cluster,531,-0.7844099876742767
bact,cluster,540,-0.7844099876742767
bact,cluster,549,-0.7844099876742767
bact,cluster,562,-0.7844099876742767
bact,cluster,566,-0.7844099876742767
bact,cluster,581,-0.7844099876742767
bact,cluster,603,-0.7844099876742767
bact,cluster,615,-0.7844099876742767
bact,cluster,632,-0.7844099876742767
bact,cluster,642,-0.7844099876742767
bact,cluster,647,-0.7844099876742767
bact,cluster,653,-0.7844099876742767
bact,cluster,659,-0.7844099876742767
bact,cluster,660,-0.7844099876742767
bact,cluster,663,-0.7844099876742767
bact,cluster,666,-0.7844099876742767
bact,cluster,667,-0.7844099876742767
bact,cluster,678,-0.7844099876742767
bact,cluster,690,-0.7844099876742767
bact,cluster,691,-0.7844099876742767
bact,cluster,693,-0.7844099876742767
bact,cluster,694,-0.7844099876742767
bact,cluster,697,-0.7844099876742767
bact,cluster,700,-0.7844099876742767
bact,cluster,707,-0.7844099876742767
bact,cluster,708,-0.7844099876742767
bact,cluster,710,-0.7844099876742767
bact,cluster,712,-0.7844099876742767
bact,cluster,715,-0.7844099876742767
bact,cluster,717,-0.7844099876742767
bact,cluster,720,-0.7844099876742767
bact,cluster,721,-0.7844099876742767
bact,cluster,724,-0.7844099876742767
bact,cluster,726,-0.7844099876742767
bact,cluster,730,-0.7844099876742767
bact,cluster,736,-0.7844099876742767
bact,cluster,742,-0.7844099876742767
bact,cluster,747,-0.7844099876742767
bact,cluster,780,-0.7844099876742767
bact,cluster,800,-0.7844099876742767
bact,cluster,925,-0.7844099876742767
bact,cluster,959,-0.7844099876742767
bact,cluster,962,-0.7844099876742767
bact,cluster,984,-0.7844099876742767
bact,cluster,985,-0.7844099876742767
bact,cluster,1093,-0.7844099876742767
bact,cluster,1150,-0.7844099876742767
bact,cluster,1218,-0.7844099876742767
bact,cluster,1282,-0.7844099876742767
bact,cluster,1321,-0.7844099876742767
bact,cluster,1333,-0.7844099876742767
bact,cluster,1344,-0.7844099876742767
bact,cluster,1361,-0.7844099876742767
bact,cluster,1365,-0.7844099876742767
bact,cluster,1380,-0.7844099876742767
bact,cluster,1382,-0.7844099876742767
bact,cluster,1386,-0.7844099876742767
bact,cluster,1391,-0.7844099876742767
bact,cluster,1395,-0.7844099876742767
bact,cluster,1398,-0.7844099876742767
bact,cluster,1405,-0.7844099876742767
bact,cluster,1410,-0.7844099876742767
bact,cluster,1430,-0.7844099876742767
bact,cluster,1450,-0.7844099876742767
bact,cluster,1486,-0.7844099876742767
bact,cluster,1499,-0.7844099876742767
bact,cluster,1507,-0.7844099876742767
bact,cluster,1514,-0.7844099876742767
bact,cluster,1523,-0.7844099876742767
bact,cluster,1531,-0.7844099876742767
bact,cluster,1539,-0.7844099876742767
bact,cluster,1553,-0.7844099876742767
bact,cluster,1567,-0.7844099876742767
bact,cluster,1577,-0.7844099876742767
bact,cluster,1600,-0.7844099876742767
bact,cluster,1665,-0.7844099876742767
bact,cluster,1696,-0.7844099876742767
bact,cluster,1705,-0.7844099876742767
bact,cluster,1715,-0.7844099876742767
bact,cluster,1746,-0.7844099876742767
bact,cluster,1750,-0.7844099876742767
bact,cluster,1769,-0.7844099876742767
bact,cluster,1786,-0.7844099876742767
bact,cluster,1827,-0.7844099876742767
bact,cluster,1845,-0.7844099876742767
bact,cluster,1849,-0.7844099876742767
bact,cluster,1857,-0.7844099876742767
bact,cluster,1862,-0.7844099876742767
bact,cluster,1868,-0.7844099876742767
bact,cluster,1873,-0.7844099876742767
bact,cluster,1880,-0.7844099876742767
bact,cluster,1883,-0.7844099876742767
bact,cluster,1886,-0.7844099876742767
bact,cluster,1887,-0.7844099876742767
bact,cluster,1888,-0.7844099876742767
bact,cluster,1890,-0.7844099876742767
bact,cluster,1892,-0.7844099876742767
bact,cluster,1895,-0.7844099876742767
bact,cluster,1896,-0.7844099876742767
bact,cluster,1898,-0.7844099876742767
bact,cluster,1903,-0.7844099876742767
bact,cluster,1904,-0.7844099876742767
bact,cluster,1911,-0.7844099876742767
bact,cluster,1913,-0.7844099876742767
bact,cluster,1920,-0.7844099876742767
bact,cluster,1930,-0.7844099876742767
bact,cluster,1946,-0.7844099876742767
bact,cluster,1954,-0.7844099876742767
bact,cluster,1957,-0.7844099876742767
bact,cluster,1969,-0.7844099876742767
bact,cluster,1975,-0.7844099876742767
bact,cluster,1983,-0.7844099876742767
bact,cluster,1987,-0.7844099876742767
bact,cluster,2004,-0.7844099876742767
bact,cluster,2018,-0.7844099876742767
bact,cluster,2025,-0.7844099876742767
bact,cluster,2044,-0.7844099876742767
bact,cluster,2051,-0.7844099876742767
bact,cluster,2082,-0.7844099876742767
bact,cluster,2091,-0.7844099876742767
bact,cluster,2109,-0.7844099876742767
bact,cluster,2117,-0.7844099876742767
bact,cluster,2120,-0.7844099876742767
bact,cluster,2133,-0.7844099876742767
bact,cluster,2139,-0.7844099876742767
bact,cluster,2150,-0.7844099876742767
bact,cluster,2155,-0.7844099876742767
bact,cluster,2171,-0.7844099876742767
bact,cluster,2196,-0.7844099876742767
bact,cluster,2240,-0.7844099876742767
bact,cluster,2247,-0.7844099876742767
bact,cluster,2253,-0.7844099876742767
bact,cluster,2270,-0.7844099876742767
bact,cluster,2280,-0.7844099876742767
bact,cluster,2294,-0.7844099876742767
bact,cluster,2308,-0.7844099876742767
bact,cluster,2333,-0.7844099876742767
bact,cluster,2334,-0.7844099876742767
bact,cluster,2361,-0.7844099876742767
bact,cluster,2379,-0.7844099876742767
bact,cluster,2384,-0.7844099876742767
bact,cluster,2409,-0.7844099876742767
bact,cluster,2429,-0.7844099876742767
bact,cluster,2432,-0.7844099876742767
bact,cluster,2456,-0.7844099876742767
bact,cluster,2465,-0.7844099876742767
bact,cluster,2471,-0.7844099876742767
bact,cluster,2482,-0.7844099876742767
bact,cluster,2491,-0.7844099876742767
bact,perm_imp,2384,-0.7544332323411549
bact,perm_imp,2429,-0.7544332323411549
bact,perm_imp,2044,-0.7544332323411549
bact,perm_imp,391,-0.7544332323411549
bact,perm_imp,962,-0.7544332323411549
bact,perm_imp,1769,-0.7544332323411549
bact,perm_imp,2334,-0.7544332323411549
bact,perm_imp,2456,-0.7544332323411549
bact,perm_imp,2379,-0.7544332323411549
bact,perm_imp,2294,-0.7544332323411549
bact,perm_imp,717,-0.7544332323411549
bact,perm_imp,2270,-0.7544332323411549
bact,perm_imp,985,-0.7544332323411549
bact,perm_imp,401,-0.7544332323411549
bact,perm_imp,2409,-0.7544332323411549
bact,perm_imp,715,-0.7544332323411549
bact,perm_imp,724,-0.7544332323411549
bact,perm_imp,1391,-0.7544332323411549
bact,perm_imp,1715,-0.7544332323411549
bact,perm_imp,2240,-0.7544332323411549
bact,perm_imp,1903,-0.7544332323411549
bact,perm_imp,1365,-0.7544332323411549
bact,perm_imp,1398,-0.7544332323411549
bact,perm_imp,1218,-0.7544332323411549
bact,perm_imp,1857,-0.7544332323411549
bact,perm_imp,385,-0.7544332323411549
bact,perm_imp,736,-0.7544332323411549
bact,perm_imp,747,-0.7544332323411549
bact,perm_imp,2091,-0.7544332323411549
bact,perm_imp,730,-0.7544332323411549
bact,perm_imp,1873,-0.7544332323411549
bact,perm_imp,1969,-0.7544332323411549
bact,perm_imp,457,-0.7544332323411549
bact,perm_imp,2150,-0.7544332323411549
bact,perm_imp,474,-0.7544332323411549
bact,perm_imp,1395,-0.7544332323411549
bact,perm_imp,1975,-0.7544332323411549
bact,perm_imp,383,-0.7544332323411549
bact,perm_imp,2253,-0.7544332323411549
bact,perm_imp,1898,-0.7544332323411549
bact,perm_imp,450,-0.7544332323411549
bact,perm_imp,397,-0.7544332323411549
bact,perm_imp,496,-0.7544332323411549
bact,perm_imp,742,-0.7544332323411549
bact,perm_imp,2139,-0.7544332323411549
bact,perm_imp,489,-0.7544332323411549
bact,perm_imp,1987,-0.7544332323411549
bact,perm_imp,540,-0.7544332323411549
bact,perm_imp,1849,-0.7544332323411549
bact,perm_imp,726,-0.7544332323411549
bact,perm_imp,925,-0.7544332323411549
bact,perm_imp,2018,-0.7544332323411549
bact,perm_imp,678,-0.7544332323411549
bact,perm_imp,2051,-0.7544332323411549
bact,perm_imp,1696,-0.7544332323411549
bact,perm_imp,1886,-0.7544332323411549
bact,perm_imp,1410,-0.7544332323411549
bact,perm_imp,1827,-0.7544332323411549
bact,perm_imp,430,-0.7544332323411549
bact,perm_imp,1430,-0.7544332323411549
bact,perm_imp,1845,-0.7544332323411549
bact,perm_imp,1665,-0.7544332323411549
bact,perm_imp,1868,-0.7544332323411549
bact,perm_imp,1946,-0.7544332323411549
urec,mi,2158,-0.9503532490249101
urec,mi,2011,-0.9503532490249101
urec,mi,2375,-0.9503532490249101
urec,mi,2013,-0.9503532490249101
urec,mi,2160,-0.9503532490249101
urec,mi,2248,-0.9503532490249101
urec,mi,2192,-0.9503532490249101
urec,mi,2255,-0.9503532490249101
urec,mi,2012,-0.9503532490249101
urec,mi,2162,-0.9503532490249101
urec,mi,2161,-0.9503532490249101
urec,mi,2238,-0.9503532490249101
urec,mi,2258,-0.9503532490249101
urec,mi,2254,-0.9503532490249101
urec,mi,1904,-0.9503532490249101
urec,mi,2191,-0.9503532490249101
urec,mi,2253,-0.9503532490249101
urec,mi,2240,-0.9503532490249101
urec,mi,2246,-0.9503532490249101
urec,mi,2385,-0.9503532490249101
urec,mi,2239,-0.9503532490249101
urec,mi,2242,-0.9503532490249101
urec,mi,2182,-0.9503532490249101
urec,mi,2163,-0.9503532490249101
urec,mi,1905,-0.9503532490249101
urec,mi,2241,-0.9503532490249101
urec,mi,2386,-0.9503532490249101
urec,mi,2243,-0.9503532490249101
urec,mi,2247,-0.9503532490249101
urec,mi,2181,-0.9503532490249101
urec,mi,2387,-0.9503532490249101
urec,mi,2252,-0.9503532490249101
urec,mi,2184,-0.9503532490249101
urec,mi,2256,-0.9503532490249101
urec,mi,2250,-0.9503532490249101
urec,mi,2249,-0.9503532490249101
urec,mi,2183,-0.9503532490249101
urec,mi,2190,-0.9503532490249101
urec,mi,2189,-0.9503532490249101
urec,mi,2166,-0.9503532490249101
urec,mi,2164,-0.9503532490249101
urec,mi,2186,-0.9503532490249101
urec,mi,2185,-0.9503532490249101
urec,mi,2251,-0.9503532490249101
urec,mi,2165,-0.9503532490249101
urec,mi,2257,-0.9503532490249101
urec,mi,2180,-0.9503532490249101
urec,mi,2168,-0.9503532490249101
urec,mi,2244,-0.9503532490249101
urec,mi,2187,-0.9503532490249101
urec,mi,2170,-0.9503532490249101
urec,mi,2169,-0.9503532490249101
urec,mi,2245,-0.9503532490249101
urec,mi,2188,-0.9503532490249101
urec,mi,2167,-0.9503532490249101
urec,mi,2171,-0.9503532490249101
urec,mi,2172,-0.9503532490249101
urec,mi,2173,-0.9503532490249101
urec,mi,2174,-0.9503532490249101
urec,mi,2179,-0.9503532490249101
urec,mi,2178,-0.9503532490249101
urec,mi,2177,-0.9503532490249101
urec,mi,2176,-0.9503532490249101
urec,mi,2175,-0.9503532490249101
urec,coeffs,2101,-0.9776560154601249
urec,coeffs,561,-0.9776560154601249
urec,coeffs,2065,-0.9776560154601249
urec,coeffs,562,-0.9776560154601249
urec,coeffs,2056,-0.9776560154601249
urec,coeffs,563,-0.9776560154601249
urec,coeffs,437,-0.9776560154601249
urec,coeffs,2106,-0.9776560154601249
urec,coeffs,2100,-0.9776560154601249
urec,coeffs,435,-0.9776560154601249
urec,coeffs,559,-0.9776560154601249
urec,coeffs,683,-0.9776560154601249
urec,coeffs,560,-0.9776560154601249
urec,coeffs,2070,-0.9776560154601249
urec,coeffs,443,-0.9776560154601249
urec,coeffs,676,-0.9776560154601249
urec,coeffs,558,-0.9776560154601249
urec,coeffs,2068,-0.9776560154601249
urec,coeffs,438,-0.9776560154601249
urec,coeffs,393,-0.9776560154601249
urec,coeffs,2108,-0.9776560154601249
urec,coeffs,680,-0.9776560154601249
urec,coeffs,2107,-0.9776560154601249
urec,coeffs,677,-0.9776560154601249
urec,coeffs,549,-0.9776560154601249
urec,coeffs,2069,-0.9776560154601249
urec,coeffs,2475,-0.9776560154601249
urec,coeffs,2477,-0.9776560154601249
urec,coeffs,2063,-0.9776560154601249
urec,coeffs,440,-0.9776560154601249
urec,coeffs,2064,-0.9776560154601249
urec,coeffs,971,-0.9776560154601249
urec,coeffs,557,-0.9776560154601249
urec,coeffs,2055,-0.9776560154601249
urec,coeffs,551,-0.9776560154601249
urec,coeffs,678,-0.9776560154601249
urec,coeffs,442,-0.9776560154601249
urec,coeffs,679,-0.9776560154601249
urec,coeffs,550,-0.9776560154601249
urec,coeffs,682,-0.9776560154601249
urec,coeffs,972,-0.9776560154601249
urec,coeffs,404,-0.9776560154601249
urec,coeffs,556,-0.9776560154601249
urec,coeffs,681,-0.9776560154601249
urec,coeffs,552,-0.9776560154601249
urec,coeffs,391,-0.9776560154601249
urec,coeffs,554,-0.9776560154601249
urec,coeffs,555,-0.9776560154601249
urec,coeffs,977,-0.9776560154601249
urec,coeffs,2476,-0.9776560154601249
urec,coeffs,553,-0.9776560154601249
urec,coeffs,1890,-0.9776560154601249
urec,coeffs,441,-0.9776560154601249
urec,coeffs,1892,-0.9776560154601249
urec,coeffs,1891,-0.9776560154601249
urec,coeffs,392,-0.9776560154601249
urec,coeffs,973,-0.9776560154601249
urec,coeffs,975,-0.9776560154601249
urec,coeffs,974,-0.9776560154601249
urec,coeffs,976,-0.9776560154601249
urec,coeffs,351,-0.9776560154601249
urec,coeffs,360,-0.9776560154601249
urec,coeffs,359,-0.9776560154601249
urec,coeffs,350,-0.9776560154601249
urec,ga,350,-0.9755262883785419
urec,ga,357,-0.9755262883785419
urec,ga,373,-0.9755262883785419
urec,ga,388,-0.9755262883785419
urec,ga,439,-0.9755262883785419
urec,ga,443,-0.9755262883785419
urec,ga,452,-0.9755262883785419
urec,ga,471,-0.9755262883785419
urec,ga,494,-0.9755262883785419
urec,ga,548,-0.9755262883785419
urec,ga,556,-0.9755262883785419
urec,ga,563,-0.9755262883785419
urec,ga,637,-0.9755262883785419
urec,ga,797,-0.9755262883785419
urec,ga,803,-0.9755262883785419
urec,ga,824,-0.9755262883785419
urec,ga,831,-0.9755262883785419
urec,ga,842,-0.9755262883785419
urec,ga,883,-0.9755262883785419
urec,ga,914,-0.9755262883785419
urec,ga,943,-0.9755262883785419
urec,ga,950,-0.9755262883785419
urec,ga,957,-0.9755262883785419
urec,ga,973,-0.9755262883785419
urec,ga,991,-0.9755262883785419
urec,ga,1019,-0.9755262883785419
urec,ga,1070,-0.9755262883785419
urec,ga,1119,-0.9755262883785419
urec,ga,1170,-0.9755262883785419
urec,ga,1202,-0.9755262883785419
urec,ga,1210,-0.9755262883785419
urec,ga,1236,-0.9755262883785419
urec,ga,1248,-0.9755262883785419
urec,ga,1286,-0.9755262883785419
urec,ga,1296,-0.9755262883785419
urec,ga,1311,-0.9755262883785419
urec,ga,1339,-0.9755262883785419
urec,ga,1345,-0.9755262883785419
urec,ga,1377,-0.9755262883785419
urec,ga,1388,-0.9755262883785419
urec,ga,1464,-0.9755262883785419
urec,ga,1500,-0.9755262883785419
urec,ga,1525,-0.9755262883785419
urec,ga,1536,-0.9755262883785419
urec,ga,1547,-0.9755262883785419
urec,ga,1610,-0.9755262883785419
urec,ga,1650,-0.9755262883785419
urec,ga,1730,-0.9755262883785419
urec,ga,1765,-0.9755262883785419
urec,ga,1769,-0.9755262883785419
urec,ga,1833,-0.9755262883785419
urec,ga,1891,-0.9755262883785419
urec,ga,1941,-0.9755262883785419
urec,ga,2009,-0.9755262883785419
urec,ga,2016,-0.9755262883785419
urec,ga,2018,-0.9755262883785419
urec,ga,2039,-0.9755262883785419
urec,ga,2061,-0.9755262883785419
urec,ga,2067,-0.9755262883785419
urec,ga,2070,-0.9755262883785419
urec,ga,2085,-0.9755262883785419
urec,cluster,350,-0.9889706144760321
urec,cluster,351,-0.9889706144760321
urec,cluster,352,-0.9889706144760321
urec,cluster,353,-0.9889706144760321
urec,cluster,354,-0.9889706144760321
urec,cluster,355,-0.9889706144760321
urec,cluster,356,-0.9889706144760321
urec,cluster,357,-0.9889706144760321
urec,cluster,358,-0.9889706144760321
urec,cluster,359,-0.9889706144760321
urec,cluster,360,-0.9889706144760321
urec,cluster,362,-0.9889706144760321
urec,cluster,363,-0.9889706144760321
urec,cluster,367,-0.9889706144760321
urec,cluster,370,-0.9889706144760321
urec,cluster,373,-0.9889706144760321
urec,cluster,383,-0.9889706144760321
urec,cluster,385,-0.9889706144760321
urec,cluster,391,-0.9889706144760321
urec,cluster,397,-0.9889706144760321
urec,cluster,401,-0.9889706144760321
urec,cluster,406,-0.9889706144760321
urec,cluster,409,-0.9889706144760321
urec,cluster,421,-0.9889706144760321
urec,cluster,430,-0.9889706144760321
urec,cluster,450,-0.9889706144760321
urec,cluster,457,-0.9889706144760321
urec,cluster,474,-0.9889706144760321
urec,cluster,489,-0.9889706144760321
urec,cluster,496,-0.9889706144760321
urec,cluster,498,-0.9889706144760321
urec,cluster,511,-0.9889706144760321
urec,cluster,512,-0.9889706144760321
urec,cluster,519,-0.9889706144760321
urec,cluster,525,-0.9889706144760321
urec,cluster,531,-0.9889706144760321
urec,cluster,540,-0.9889706144760321
urec,cluster,549,-0.9889706144760321
urec,cluster,562,-0.9889706144760321
urec,cluster,566,-0.9889706144760321
urec,cluster,581,-0.9889706144760321
urec,cluster,603,-0.9889706144760321
urec,cluster,615,-0.9889706144760321
urec,cluster,632,-0.9889706144760321
urec,cluster,642,-0.9889706144760321
urec,cluster,647,-0.9889706144760321
urec,cluster,653,-0.9889706144760321
urec,cluster,659,-0.9889706144760321
urec,cluster,660,-0.9889706144760321
urec,cluster,663,-0.9889706144760321
urec,cluster,666,-0.9889706144760321
urec,cluster,667,-0.9889706144760321
urec,cluster,678,-0.9889706144760321
urec,cluster,690,-0.9889706144760321
urec,cluster,691,-0.9889706144760321
urec,cluster,693,-0.9889706144760321
urec,cluster,694,-0.9889706144760321
urec,cluster,697,-0.9889706144760321
urec,cluster,700,-0.9889706144760321
urec,cluster,707,-0.9889706144760321
urec,cluster,708,-0.9889706144760321
urec,cluster,710,-0.9889706144760321
urec,cluster,712,-0.9889706144760321
urec,cluster,715,-0.9889706144760321
urec,cluster,717,-0.9889706144760321
urec,cluster,720,-0.9889706144760321
urec,cluster,721,-0.9889706144760321
urec,cluster,724,-0.9889706144760321
urec,cluster,726,-0.9889706144760321
urec,cluster,730,-0.9889706144760321
urec,cluster,736,-0.9889706144760321
urec,cluster,742,-0.9889706144760321
urec,cluster,747,-0.9889706144760321
urec,cluster,780,-0.9889706144760321
urec,cluster,800,-0.9889706144760321
urec,cluster,925,-0.9889706144760321
urec,cluster,959,-0.9889706144760321
urec,cluster,962,-0.9889706144760321
urec,cluster,984,-0.9889706144760321
urec,cluster,985,-0.9889706144760321
urec,cluster,1093,-0.9889706144760321
urec,cluster,1150,-0.9889706144760321
urec,cluster,1218,-0.9889706144760321
urec,cluster,1282,-0.9889706144760321
urec,cluster,1321,-0.9889706144760321
urec,cluster,1333,-0.9889706144760321
urec,cluster,1344,-0.9889706144760321
urec,cluster,1361,-0.9889706144760321
urec,cluster,1365,-0.9889706144760321
urec,cluster,1380,-0.9889706144760321
urec,cluster,1382,-0.9889706144760321
urec,cluster,1386,-0.9889706144760321
urec,cluster,1391,-0.9889706144760321
urec,cluster,1395,-0.9889706144760321
urec,cluster,1398,-0.9889706144760321
urec,cluster,1405,-0.9889706144760321
urec,cluster,1410,-0.9889706144760321
urec,cluster,1430,-0.9889706144760321
urec,cluster,1450,-0.9889706144760321
urec,cluster,1486,-0.9889706144760321
urec,cluster,1499,-0.9889706144760321
urec,cluster,1507,-0.9889706144760321
urec,cluster,1514,-0.9889706144760321
urec,cluster,1523,-0.9889706144760321
urec,cluster,1531,-0.9889706144760321
urec,cluster,1539,-0.9889706144760321
urec,cluster,1553,-0.9889706144760321
urec,cluster,1567,-0.9889706144760321
urec,cluster,1577,-0.9889706144760321
urec,cluster,1600,-0.9889706144760321
urec,cluster,1665,-0.9889706144760321
urec,cluster,1696,-0.9889706144760321
urec,cluster,1705,-0.9889706144760321
urec,cluster,1715,-0.9889706144760321
urec,cluster,1746,-0.9889706144760321
urec,cluster,1750,-0.9889706144760321
urec,cluster,1769,-0.9889706144760321
urec,cluster,1786,-0.9889706144760321
urec,cluster,1827,-0.9889706144760321
urec,cluster,1845,-0.9889706144760321
urec,cluster,1849,-0.9889706144760321
urec,cluster,1857,-0.9889706144760321
urec,cluster,1862,-0.9889706144760321
urec,cluster,1868,-0.9889706144760321
urec,cluster,1873,-0.9889706144760321
urec,cluster,1880,-0.9889706144760321
urec,cluster,1883,-0.9889706144760321
urec,cluster,1886,-0.9889706144760321
urec,cluster,1887,-0.9889706144760321
urec,cluster,1888,-0.9889706144760321
urec,cluster,1890,-0.9889706144760321
urec,cluster,1892,-0.9889706144760321
urec,cluster,1895,-0.9889706144760321
urec,cluster,1896,-0.9889706144760321
urec,cluster,1898,-0.9889706144760321
urec,cluster,1903,-0.9889706144760321
urec,cluster,1904,-0.9889706144760321
urec,cluster,1911,-0.9889706144760321
urec,cluster,1913,-0.9889706144760321
urec,cluster,1920,-0.9889706144760321
urec,cluster,1930,-0.9889706144760321
urec,cluster,1946,-0.9889706144760321
urec,cluster,1954,-0.9889706144760321
urec,cluster,1957,-0.9889706144760321
urec,cluster,1969,-0.9889706144760321
urec,cluster,1975,-0.9889706144760321
urec,cluster,1983,-0.9889706144760321
urec,cluster,1987,-0.9889706144760321
urec,cluster,2004,-0.9889706144760321
urec,cluster,2018,-0.9889706144760321
urec,cluster,2025,-0.9889706144760321
urec,cluster,2044,-0.9889706144760321
urec,cluster,2051,-0.9889706144760321
urec,cluster,2082,-0.9889706144760321
urec,cluster,2091,-0.9889706144760321
urec,cluster,2109,-0.9889706144760321
urec,cluster,2117,-0.9889706144760321
urec,cluster,2120,-0.9889706144760321
urec,cluster,2133,-0.9889706144760321
urec,cluster,2139,-0.9889706144760321
urec,cluster,2150,-0.9889706144760321
urec,cluster,2155,-0.9889706144760321
urec,cluster,2171,-0.9889706144760321
urec,cluster,2196,-0.9889706144760321
urec,cluster,2240,-0.9889706144760321
urec,cluster,2247,-0.9889706144760321
urec,cluster,2253,-0.9889706144760321
urec,cluster,2270,-0.9889706144760321
urec,cluster,2280,-0.9889706144760321
urec,cluster,2294,-0.9889706144760321
urec,cluster,2308,-0.9889706144760321
urec,cluster,2333,-0.9889706144760321
urec,cluster,2334,-0.9889706144760321
urec,cluster,2361,-0.9889706144760321
urec,cluster,2379,-0.9889706144760321
urec,cluster,2384,-0.9889706144760321
urec,cluster,2409,-0.9889706144760321
urec,cluster,2429,-0.9889706144760321
urec,cluster,2432,-0.9889706144760321
urec,cluster,2456,-0.9889706144760321
urec,cluster,2465,-0.9889706144760321
urec,cluster,2471,-0.9889706144760321
urec,cluster,2482,-0.9889706144760321
urec,cluster,2491,-0.9889706144760321
urec,perm_imp,1888,-0.9821259732770845
urec,perm_imp,1896,-0.9821259732770845
urec,perm_imp,1887,-0.9821259732770845
urec,perm_imp,1898,-0.9821259732770845
urec,perm_imp,724,-0.9821259732770845
urec,perm_imp,721,-0.9821259732770845
urec,perm_imp,720,-0.9821259732770845
urec,perm_imp,717,-0.9821259732770845
urec,perm_imp,2384,-0.9821259732770845
urec,perm_imp,2429,-0.9821259732770845
urec,perm_imp,2432,-0.9821259732770845
urec,perm_imp,2456,-0.9821259732770845
urec,perm_imp,2465,-0.9821259732770845
urec,perm_imp,2482,-0.9821259732770845
urec,perm_imp,2491,-0.9821259732770845
urec,perm_imp,2270,-0.9821259732770845
urec,perm_imp,2334,-0.9821259732770845
urec,perm_imp,2361,-0.9821259732770845
urec,perm_imp,2379,-0.9821259732770845
urec,perm_imp,2333,-0.9821259732770845
urec,perm_imp,691,-0.9821259732770845
urec,perm_imp,693,-0.9821259732770845
urec,perm_imp,700,-0.9821259732770845
urec,perm_imp,356,-0.9821259732770845
urec,perm_imp,697,-0.9821259732770845
urec,perm_imp,666,-0.9821259732770845
urec,perm_imp,2025,-0.9821259732770845
urec,perm_imp,457,-0.9821259732770845
urec,perm_imp,1883,-0.9821259732770845
urec,perm_imp,694,-0.9821259732770845
urec,perm_imp,667,-0.9821259732770845
urec,perm_imp,1975,-0.9821259732770845
urec,perm_imp,2120,-0.9821259732770845
urec,perm_imp,690,-0.9821259732770845
urec,perm_imp,1987,-0.9821259732770845
urec,perm_imp,352,-0.9821259732770845
urec,perm_imp,2082,-0.9821259732770845
urec,perm_imp,2117,-0.9821259732770845
urec,perm_imp,355,-0.9821259732770845
urec,perm_imp,2471,-0.9821259732770845
urec,perm_imp,512,-0.9821259732770845
urec,perm_imp,2044,-0.9821259732770845
urec,perm_imp,2109,-0.9821259732770845
urec,perm_imp,511,-0.9821259732770845
urec,perm_imp,2051,-0.9821259732770845
urec,perm_imp,406,-0.9821259732770845
urec,perm_imp,925,-0.9821259732770845
urec,perm_imp,566,-0.9821259732770845
urec,perm_imp,430,-0.9821259732770845
urec,perm_imp,540,-0.9821259732770845
urec,perm_imp,373,-0.9821259732770845
urec,perm_imp,562,-0.9821259732770845
urec,perm_imp,450,-0.9821259732770845
urec,perm_imp,391,-0.9821259732770845
urec,perm_imp,549,-0.9821259732770845
urec,perm_imp,1890,-0.9821259732770845
urec,perm_imp,959,-0.9821259732770845
urec,perm_imp,1892,-0.9821259732770845
urec,perm_imp,962,-0.9821259732770845
urec,perm_imp,351,-0.9821259732770845
urec,perm_imp,678,-0.9821259732770845
urec,perm_imp,359,-0.9821259732770845
urec,perm_imp,360,-0.9821259732770845
urec,perm_imp,350,-0.9821259732770845
